"","X.norm","X.bin","Z1","Z2","Z","group","ID"
"1",0.874709237851534,1,0,0,"CTD",0,1
"2",1.03672866484442,0,0,0,"CTD",0,2
"3",0.832874277517991,1,0,0,"CTD",0,3
"4",1.31905616042756,0,0,0,"CTD",0,4
"5",1.06590155436307,0,0,0,"CTD",0,5
"6",0.835906323176397,1,0,0,"CTD",0,6
"7",1.0974858104857,1,0,0,"CTD",0,7
"8",1.14766494102584,0,0,0,"CTD",0,8
"9",1.1151562703307,0,0,0,"CTD",0,9
"10",0.938922322568729,0,0,0,"CTD",0,10
"11",1.30235623369017,1,0,0,"CTD",0,11
"12",1.07796864728229,0,0,0,"CTD",0,12
"13",0.875751883891639,0,0,0,"CTD",0,13
"14",0.5570600225645,1,0,0,"CTD",0,14
"15",1.22498618362862,1,0,0,"CTD",0,15
"16",0.991013278196954,0,0,0,"CTD",0,16
"17",0.996761947380211,0,0,0,"CTD",0,17
"18",1.18876724213706,0,0,0,"CTD",0,18
"19",1.16424423901962,0,0,0,"CTD",0,19
"20",1.1187802642435,0,0,0,"CTD",0,20
"21",1.18379547432164,0,0,0,"CTD",0,21
"22",1.15642726014621,1,0,0,"CTD",0,22
"23",1.01491299667304,0,0,0,"CTD",0,23
"24",0.602129660827325,0,0,0,"CTD",0,24
"25",1.12396514957894,0,0,0,"CTD",0,25
"26",0.9887742520942,1,0,0,"CTD",0,26
"27",0.968840898658934,1,0,0,"CTD",0,27
"28",0.705849523220145,1,0,0,"CTD",0,28
"29",0.904369988978276,0,0,0,"CTD",0,29
"30",1.08358831203994,0,0,0,"CTD",0,30
"31",1.27173591030581,1,0,0,"CTD",0,31
"32",0.979442454531401,1,0,0,"CTD",0,32
"33",1.07753432231187,0,0,0,"CTD",0,33
"34",0.989238991883419,0,0,0,"CTD",0,34
"35",0.724588088634279,0,0,0,"CTD",0,35
"36",0.917001087340064,1,0,0,"CTD",0,36
"37",0.92114200925793,0,0,0,"CTD",0,37
"38",0.988137320657763,0,0,0,"CTD",0,38
"39",1.22000507439678,0,0,0,"CTD",0,39
"40",1.15263514969151,0,0,0,"CTD",0,40
"41",0.967095280749283,0,0,0,"CTD",0,41
"42",0.949327663972699,0,0,0,"CTD",0,42
"43",1.13939267508095,1,0,0,"CTD",0,43
"44",1.11133263973473,0,0,0,"CTD",0,44
"45",0.862248861090096,1,0,0,"CTD",0,45
"46",0.858500968607576,1,0,0,"CTD",0,46
"47",1.07291639242737,1,0,0,"CTD",0,47
"48",1.15370658490308,0,0,0,"CTD",0,48
"49",0.977530757569954,1,0,0,"CTD",0,49
"50",1.17622154529084,0,0,0,"CTD",0,50
"51",1.07962117607341,0,0,0,"CTD",0,51
"52",0.877594721349846,1,0,0,"CTD",0,52
"53",1.06822393828489,0,0,0,"CTD",0,53
"54",0.774127380783841,0,0,0,"CTD",0,54
"55",1.28660474034021,1,0,0,"CTD",0,55
"56",1.39607997970117,0,0,0,"CTD",0,56
"57",0.926555704706698,0,0,0,"CTD",0,57
"58",0.791173074736694,1,0,0,"CTD",0,58
"59",1.11394392548848,0,0,0,"CTD",0,59
"60",0.972989079223835,1,0,0,"CTD",0,60
"61",1.48032355210096,0,0,0,"CTD",0,61
"62",0.992151999453366,0,0,0,"CTD",0,62
"63",1.13794787249016,0,0,0,"CTD",0,63
"64",1.00560043175613,0,0,0,"CTD",0,64
"65",0.851345358223519,0,0,0,"CTD",0,65
"66",1.03775845990287,0,0,0,"CTD",0,66
"67",0.639008274221792,1,0,0,"CTD",0,67
"68",1.29311097231258,1,0,0,"CTD",0,68
"69",1.03065066764238,0,0,0,"CTD",0,69
"70",1.43452233407243,0,0,0,"CTD",0,70
"71",1.09510190577993,1,0,0,"CTD",0,71
"72",0.858010713815637,1,0,0,"CTD",0,72
"73",1.12214527069781,1,0,0,"CTD",0,73
"74",0.81318047367115,1,0,0,"CTD",0,74
"75",0.749273319952179,0,0,0,"CTD",0,75
"76",1.05828924710349,1,0,0,"CTD",0,76
"77",0.911341625356313,0,0,0,"CTD",0,77
"78",1.00022107032632,0,0,0,"CTD",0,78
"79",1.01486826483033,0,0,0,"CTD",0,79
"80",0.882095810762386,0,0,0,"CTD",0,80
"81",0.8862662534363,1,0,0,"CTD",0,81
"82",0.972964276975234,1,0,0,"CTD",0,82
"83",1.23561739931464,0,0,0,"CTD",0,83
"84",0.695286639914048,1,0,0,"CTD",0,84
"85",1.11878923752568,1,0,0,"CTD",0,85
"86",1.0665900742427,0,0,0,"CTD",0,86
"87",1.21261996745527,1,0,0,"CTD",0,87
"88",0.93916321527314,1,0,0,"CTD",0,88
"89",1.07400376198326,1,0,0,"CTD",0,89
"90",1.05341975815445,1,0,0,"CTD",0,90
"91",0.89149599380167,1,0,0,"CTD",0,91
"92",1.24157356119663,1,0,0,"CTD",0,92
"93",1.23208052313899,1,0,0,"CTD",0,93
"94",1.140042729903,0,0,0,"CTD",0,94
"95",1.31736669090817,1,0,0,"CTD",0,95
"96",1.11169728511306,0,0,0,"CTD",0,96
"97",0.744681558308393,0,0,0,"CTD",0,97
"98",0.885346917152623,0,0,0,"CTD",0,98
"99",0.755077477020329,0,0,0,"CTD",0,99
"100",0.905319872712138,1,0,0,"CTD",0,100
"101",0.875926664555175,0,0,0,"CTD",0,101
"102",1.00842317462885,0,0,0,"CTD",0,102
"103",0.817815670289511,1,0,0,"CTD",0,103
"104",1.03160575448082,1,0,0,"CTD",0,104
"105",0.869083071216236,1,0,0,"CTD",0,105
"106",1.35345745387453,0,0,0,"CTD",0,106
"107",1.14334149520344,1,0,0,"CTD",0,107
"108",1.18203484589905,0,0,0,"CTD",0,108
"109",1.07683707156527,0,0,0,"CTD",0,109
"110",1.33643521610388,1,0,0,"CTD",0,110
"111",0.872852709210205,0,0,0,"CTD",0,111
"112",0.907671053927887,0,0,0,"CTD",0,112
"113",1.28645644770833,0,0,0,"CTD",0,113
"114",0.869860729337927,0,0,0,"CTD",0,114
"115",0.958523851279607,0,0,0,"CTD",0,115
"116",0.921438414111603,0,0,0,"CTD",0,116
"117",0.936001426290299,0,0,0,"CTD",0,117
"118",0.944177339404688,0,0,0,"CTD",0,118
"119",1.09883766625357,1,0,0,"CTD",0,119
"120",0.964533903546079,0,0,0,"CTD",0,120
"121",0.898808507577148,0,0,0,"CTD",0,121
"122",1.26860776503408,1,0,0,"CTD",0,122
"123",0.957084118290626,0,0,0,"CTD",0,123
"124",0.964088693991323,1,0,0,"CTD",0,124
"125",0.979961851757288,1,0,0,"CTD",0,125
"126",1.14253326141028,0,0,0,"CTD",0,126
"127",0.985287119174735,0,0,0,"CTD",0,127
"128",0.99247316570659,1,0,0,"CTD",0,128
"129",0.863667904248869,0,0,0,"CTD",0,129
"130",0.935145945550736,0,0,0,"CTD",0,130
"131",1.0120320880869,1,0,0,"CTD",0,131
"132",0.882221102748067,1,0,0,"CTD",0,132
"133",1.10629923852651,1,0,0,"CTD",0,133
"134",0.696321183642643,1,0,0,"CTD",0,134
"135",1.06131157215795,0,0,0,"CTD",0,135
"136",0.692710035292483,1,0,0,"CTD",0,136
"137",0.939804774632678,0,0,0,"CTD",0,137
"138",0.894344019110999,0,0,0,"CTD",0,138
"139",0.8695810438638,0,0,0,"CTD",0,139
"140",0.988620644430521,0,0,0,"CTD",0,140
"141",0.617128114863998,0,0,0,"CTD",0,141
"142",1.23531666240371,0,0,0,"CTD",0,142
"143",0.667005512757599,0,0,0,"CTD",0,143
"144",0.907293919705523,0,0,0,"CTD",0,144
"145",0.776815978991431,0,0,0,"CTD",0,145
"146",0.84983619976131,1,0,0,"CTD",0,146
"147",1.41743330912567,0,0,0,"CTD",0,147
"148",1.00347912393865,0,0,0,"CTD",0,148
"149",0.742739893913135,0,0,0,"CTD",0,149
"150",0.671878893116284,0,0,0,"CTD",0,150
"151",1.09003742025453,0,0,0,"CTD",0,151
"152",0.996288033457072,0,0,0,"CTD",0,152
"153",0.936386325091231,0,0,0,"CTD",0,153
"154",0.81412757050926,0,0,0,"CTD",0,154
"155",0.702507937971703,0,0,0,"CTD",0,155
"156",0.784961540676864,0,0,0,"CTD",0,156
"157",1.20000576074278,0,0,0,"CTD",0,157
"158",0.875746661040635,1,0,0,"CTD",0,158
"159",0.723114630523102,1,0,0,"CTD",0,159
"160",1.37385812448472,0,0,0,"CTD",0,160
"161",1.08502007547449,0,0,0,"CTD",0,161
"162",0.952270579817393,1,0,0,"CTD",0,162
"163",1.2116966097418,0,0,0,"CTD",0,163
"164",1.17728453027499,1,0,0,"CTD",0,164
"165",0.876151390353771,1,0,0,"CTD",0,165
"166",1.44122049290809,1,0,0,"CTD",0,166
"167",0.948994593971797,0,0,0,"CTD",0,167
"168",0.715101069957438,0,0,0,"CTD",0,168
"169",0.971120079609156,0,0,0,"CTD",0,169
"170",1.04150766784647,0,0,0,"CTD",0,170
"171",1.46159567981187,1,0,0,"CTD",0,171
"172",1.02116047357874,0,0,0,"CTD",0,172
"173",1.09139976108468,0,0,0,"CTD",0,173
"174",0.984569412928694,0,0,0,"CTD",0,174
"175",0.933199831526691,1,0,0,"CTD",0,175
"176",0.993054794337745,0,0,0,"CTD",0,176
"177",1.15752792112603,1,0,0,"CTD",0,177
"178",1.41504900173046,1,0,0,"CTD",0,178
"179",1.20547848775275,0,0,0,"CTD",0,179
"180",1.24158167967734,0,0,0,"CTD",0,180
"181",0.753735315688391,0,0,0,"CTD",0,181
"182",1.19677911401068,0,0,0,"CTD",0,182
"183",1.04398496073213,0,0,0,"CTD",0,183
"184",0.706549994181551,1,0,0,"CTD",0,184
"185",1.10420454852963,0,0,0,"CTD",0,185
"186",0.968249079056797,0,0,0,"CTD",0,186
"187",1.29291746239396,0,0,0,"CTD",0,187
"188",0.846783600079067,0,0,0,"CTD",0,188
"189",0.913957649214291,0,0,0,"CTD",0,189
"190",0.814778100524512,1,0,0,"CTD",0,190
"191",0.964579207712692,1,0,0,"CTD",0,191
"192",1.08040235589727,0,0,0,"CTD",0,192
"193",0.853650365376079,0,0,0,"CTD",0,193
"194",1.16607463359633,0,0,0,"CTD",0,194
"195",0.758383442739107,1,0,0,"CTD",0,195
"196",0.790403117438452,0,0,0,"CTD",0,196
"197",1.28823154136886,0,0,0,"CTD",0,197
"198",0.79683050693907,1,0,0,"CTD",0,198
"199",1.0823949424635,1,0,0,"CTD",0,199
"200",0.923784789778216,1,0,0,"CTD",0,200
"201",1.08188036793019,0,0,0,"CTD",0,201
"202",1.33777465724081,1,0,0,"CTD",0,202
"203",1.31731768668839,0,0,0,"CTD",0,203
"204",0.933818439863447,0,0,0,"CTD",0,204
"205",0.542952892941507,1,0,0,"CTD",0,205
"206",1.49953231796683,0,0,0,"CTD",0,206
"207",1.1334132333531,0,0,0,"CTD",0,207
"208",1.10826546719274,1,0,0,"CTD",0,208
"209",0.997320095370818,0,0,0,"CTD",0,209
"210",1.10202168459059,0,0,0,"CTD",0,210
"211",0.967124833646066,0,0,0,"CTD",0,211
"212",1.0841389286509,0,0,0,"CTD",0,212
"213",0.919950651204471,0,0,0,"CTD",0,213
"214",0.725958424490508,0,0,0,"CTD",0,214
"215",1.19756765349098,1,0,0,"CTD",0,215
"216",1.30394900509991,1,0,0,"CTD",0,216
"217",0.938251886154877,0,0,0,"CTD",0,217
"218",0.749342048878462,0,0,0,"CTD",0,218
"219",1.12844826113556,0,0,0,"CTD",0,219
"220",0.991058172621204,1,0,0,"CTD",0,220
"221",0.653356318635032,0,0,0,"CTD",0,221
"222",1.00042637193605,0,0,0,"CTD",0,222
"223",0.873939933214371,0,0,0,"CTD",0,223
"224",0.931806284027919,1,0,0,"CTD",0,224
"225",0.768685527472829,0,0,0,"CTD",0,225
"226",1.36062838158349,0,0,0,"CTD",0,226
"227",0.933773592721756,0,0,0,"CTD",0,227
"228",0.678897317549384,0,0,0,"CTD",0,228
"229",1.0394386877479,0,0,0,"CTD",0,229
"230",1.05263512928109,1,0,0,"CTD",0,230
"231",0.802834659918142,0,0,0,"CTD",0,231
"232",0.422215865664091,1,0,0,"CTD",0,232
"233",0.871903659486977,0,0,0,"CTD",0,233
"234",1.1141015271841,0,0,0,"CTD",0,234
"235",0.988055344791478,0,0,0,"CTD",0,235
"236",0.980364251198953,0,0,0,"CTD",0,236
"237",1.11216414572402,0,0,0,"CTD",0,237
"238",0.762708272284105,0,0,0,"CTD",0,238
"239",1.21935540885485,0,0,0,"CTD",0,239
"240",0.998931194344367,1,0,0,"CTD",0,240
"241",1.14146213347962,1,0,0,"CTD",0,241
"242",1.20682154694749,0,0,0,"CTD",0,242
"243",1.04469608298306,0,0,0,"CTD",0,243
"244",0.824258477426796,0,0,0,"CTD",0,244
"245",1.23259291119347,0,0,0,"CTD",0,245
"246",0.599967011042905,0,0,0,"CTD",0,246
"247",0.891041851999655,1,0,0,"CTD",0,247
"248",0.948865858168602,0,0,0,"CTD",0,248
"249",0.966775792646999,0,0,0,"CTD",0,249
"250",1.20409278175682,0,0,0,"CTD",0,250
"251",1.02724437862056,0,0,0,"CTD",0,251
"252",1.08143352068477,0,0,0,"CTD",0,252
"253",0.986069037397419,0,0,0,"CTD",0,253
"254",0.950467131676134,1,0,0,"CTD",0,254
"255",1.13911016132393,0,0,0,"CTD",0,255
"256",1.22924567144316,0,0,0,"CTD",0,256
"257",0.519380757021626,0,0,0,"CTD",0,257
"258",1.11454791104917,0,0,0,"CTD",0,258
"259",1.07494488135573,0,0,0,"CTD",0,259
"260",0.914946455688785,0,0,0,"CTD",0,260
"261",1.19020256151536,1,0,0,"CTD",0,261
"262",0.922152563656324,0,0,0,"CTD",0,262
"263",0.943133867640085,0,0,0,"CTD",0,263
"264",1.17148195561596,1,0,0,"CTD",0,264
"265",1.34392545982412,1,0,0,"CTD",0,265
"266",1.05401098018745,0,0,0,"CTD",0,266
"267",0.915563198042472,0,0,0,"CTD",0,267
"268",0.762177341028083,0,0,0,"CTD",0,268
"269",0.933793404224198,0,0,0,"CTD",0,269
"270",0.812034134697996,1,0,0,"CTD",0,270
"271",0.948213483376243,0,0,0,"CTD",0,271
"272",1.07887583364431,0,0,0,"CTD",0,272
"273",0.829628581595227,1,0,0,"CTD",0,273
"274",1.52983337621898,0,0,0,"CTD",0,274
"275",1.03120233513302,1,0,0,"CTD",0,275
"276",1.22604145349099,0,0,0,"CTD",0,276
"277",0.542175204031979,1,0,0,"CTD",0,277
"278",1.14820023143909,0,0,0,"CTD",0,278
"279",0.736750967909688,1,0,0,"CTD",0,279
"280",1.18396073552183,0,0,0,"CTD",0,280
"281",1.07962603109039,0,0,0,"CTD",0,281
"282",0.918494284146046,0,0,0,"CTD",0,282
"283",1.26485172603545,0,0,0,"CTD",0,283
"284",0.859753666150616,0,0,0,"CTD",0,284
"285",0.883877139151893,0,0,0,"CTD",0,285
"286",0.799785563794916,0,0,0,"CTD",0,286
"287",0.866364278649321,0,0,0,"CTD",0,287
"288",1.18903699067462,1,0,0,"CTD",0,288
"289",1.08674042990903,0,0,0,"CTD",0,289
"290",1.20103184353541,0,0,0,"CTD",0,290
"291",0.921976267189264,0,0,0,"CTD",0,291
"292",1.07527405835493,0,0,0,"CTD",0,292
"293",1.0488329848973,0,0,0,"CTD",0,293
"294",0.714748531523492,0,0,0,"CTD",0,294
"295",1.35568585749509,0,0,0,"CTD",0,295
"296",1.02688953218674,0,0,0,"CTD",0,296
"297",1.15311979983157,0,0,0,"CTD",0,297
"298",1.1910273353818,0,0,0,"CTD",0,298
"299",0.989886859711546,0,0,0,"CTD",0,299
"300",0.938836916046606,0,0,0,"CTD",0,300
"301",1.1787347404851,0,0,0,"CTD",1,301
"302",0.790540370187741,1,0,0,"CTD",1,302
"303",1.39426747724483,0,0,0,"CTD",1,303
"304",0.923273578742328,0,0,0,"CTD",1,304
"305",1.330829060455,0,0,0,"CTD",1,305
"306",1.30244253879013,1,0,0,"CTD",1,306
"307",1.01659314671718,0,0,0,"CTD",1,307
"308",1.1134441829703,0,0,0,"CTD",1,308
"309",0.795090304093108,0,0,0,"CTD",1,309
"310",1.06460130060449,0,0,0,"CTD",1,310
"311",1.20872249167124,0,0,0,"CTD",1,311
"312",1.01981569737944,0,0,0,"CTD",1,312
"313",0.909172618169128,1,0,0,"CTD",1,313
"314",0.868843629509912,0,0,0,"CTD",1,314
"315",0.992815515475498,1,0,0,"CTD",1,315
"316",1.21383229213536,0,0,0,"CTD",1,316
"317",0.903205013939745,1,0,0,"CTD",1,317
"318",0.975797977734511,1,0,0,"CTD",1,318
"319",0.741171999235832,1,0,0,"CTD",1,319
"320",1.09886256720297,0,0,0,"CTD",1,320
"321",1.26158030402283,0,0,0,"CTD",1,321
"322",1.29940820188056,0,0,0,"CTD",1,322
"323",1.16294054617947,0,0,0,"CTD",1,323
"324",0.626042241959477,0,0,0,"CTD",1,324
"325",1.09640590082475,0,0,0,"CTD",1,325
"326",1.09122712066024,0,0,0,"CTD",1,326
"327",0.929319942834018,1,0,0,"CTD",1,327
"328",1.0340978941896,0,0,0,"CTD",1,328
"329",0.827192809174619,0,0,0,"CTD",1,329
"330",1.13584615480313,0,0,0,"CTD",1,330
"331",0.934579797069379,1,0,0,"CTD",1,331
"332",0.68618356297121,1,0,0,"CTD",1,332
"333",0.926509848765904,0,0,0,"CTD",1,333
"334",1.27288698581397,0,0,0,"CTD",1,334
"335",0.933143727053767,1,0,0,"CTD",1,335
"336",1.14655000844182,0,0,0,"CTD",1,336
"337",1.18931712803956,0,0,0,"CTD",1,337
"338",1.00087974086527,1,0,0,"CTD",1,338
"339",0.92953553889003,1,0,0,"CTD",1,339
"340",0.894060898173299,0,0,0,"CTD",1,340
"341",1.14791784511496,0,0,0,"CTD",1,341
"342",0.787308516903438,0,0,0,"CTD",1,342
"343",1.04924216870728,0,0,0,"CTD",1,343
"344",0.942100126687138,0,0,0,"CTD",1,344
"345",0.547022128702411,0,0,0,"CTD",1,345
"346",0.718229908785361,0,0,0,"CTD",1,346
"347",1.18320386575851,0,0,0,"CTD",1,347
"348",0.96174420989296,1,0,0,"CTD",1,348
"349",1.16065664322673,0,0,0,"CTD",1,349
"350",1.37749489266172,1,0,0,"CTD",1,350
"351",1.29477623622183,0,0,0,"CTD",1,351
"352",1.1354536984626,0,0,0,"CTD",1,352
"353",1.07599253731335,1,0,0,"CTD",1,353
"354",0.961440314708533,0,0,0,"CTD",1,354
"355",1.31557835898088,0,0,0,"CTD",1,355
"356",1.11924682186369,0,0,0,"CTD",1,356
"357",0.765284611825728,1,0,0,"CTD",1,357
"358",0.968871493021936,1,0,0,"CTD",1,358
"359",0.616218035946032,0,0,0,"CTD",1,359
"360",0.960948230777873,1,0,0,"CTD",1,360
"361",0.481534466010803,0,0,0,"CTD",1,361
"362",1.26280043343961,0,0,0,"CTD",1,362
"363",0.872891399793573,0,0,0,"CTD",1,363
"364",0.914004232261162,0,0,0,"CTD",1,364
"365",0.966136333539607,0,0,0,"CTD",1,365
"366",1.12244363479783,1,0,0,"CTD",1,366
"367",1.13566803544454,0,0,0,"CTD",1,367
"368",1.11359039449433,0,0,0,"CTD",1,368
"369",0.885491479214775,0,0,0,"CTD",1,369
"370",0.727341748744332,0,0,0,"CTD",1,370
"371",0.92225555113242,1,0,0,"CTD",1,371
"372",1.05558282649011,0,0,0,"CTD",1,372
"373",0.835383775685595,0,0,0,"CTD",1,373
"374",0.986231813104307,0,0,0,"CTD",1,374
"375",0.76646753477404,1,0,0,"CTD",1,375
"376",0.998338197156879,0,0,0,"CTD",1,376
"377",1.02577108031948,1,0,0,"CTD",1,377
"378",0.9708248743078,1,0,0,"CTD",1,378
"379",0.967217808652786,1,0,0,"CTD",1,379
"380",1.35271040055698,0,0,0,"CTD",1,380
"381",1.15251730248366,0,0,0,"CTD",1,381
"382",1.22228621614613,0,0,0,"CTD",1,382
"383",0.815358609434034,1,0,0,"CTD",1,383
"384",1.03286836768559,1,0,0,"CTD",1,384
"385",1.23096503741945,0,0,0,"CTD",1,385
"386",0.988695715094702,0,0,0,"CTD",1,386
"387",0.57412787035307,0,0,0,"CTD",1,387
"388",1.06896915241989,0,0,0,"CTD",1,388
"389",0.619008910882894,1,0,0,"CTD",1,389
"390",0.837765969371957,0,0,0,"CTD",1,390
"391",1.26480086425992,0,0,0,"CTD",1,391
"392",1.12312736986053,0,0,0,"CTD",1,392
"393",1.21833379110707,1,0,0,"CTD",1,393
"394",1.06132097230273,0,0,0,"CTD",1,394
"395",0.977968247503429,0,0,0,"CTD",1,395
"396",0.815137445374543,0,0,0,"CTD",1,396
"397",1.31858275074384,1,0,0,"CTD",1,397
"398",1.00900211962438,0,0,0,"CTD",1,398
"399",0.856974319866423,0,0,0,"CTD",1,399
"400",1.17304461994343,0,0,0,"CTD",1,400
"401",1.21488819165558,0,0,0,"CTD",1,401
"402",1.37913095483972,0,0,0,"CTD",1,402
"403",0.879400539278981,0,0,0,"CTD",1,403
"404",0.921826435855373,0,0,0,"CTD",1,404
"405",0.916755593693962,1,0,0,"CTD",1,405
"406",0.924868515435922,0,0,0,"CTD",1,406
"407",0.926673810859528,0,0,0,"CTD",1,407
"408",0.940864509459823,0,0,0,"CTD",1,408
"409",1.28836408203997,0,0,0,"CTD",1,409
"410",0.860492341617392,0,0,0,"CTD",1,410
"411",0.922366498815728,1,0,0,"CTD",1,411
"412",1.1305072904343,0,0,0,"CTD",1,412
"413",1.22495448930703,0,0,0,"CTD",1,413
"414",0.845577839395214,0,0,0,"CTD",1,414
"415",0.898382756772343,0,0,0,"CTD",1,415
"416",1.1047241180996,0,0,0,"CTD",1,416
"417",1.20355084530759,0,0,0,"CTD",1,417
"418",0.949767082382404,0,0,0,"CTD",1,418
"419",0.714001310522278,0,0,0,"CTD",1,419
"420",1.34182420642018,0,0,0,"CTD",1,420
"421",1.28701391446232,0,0,0,"CTD",1,421
"422",0.857925770830024,0,0,0,"CTD",1,422
"423",0.986986485268883,0,0,0,"CTD",1,423
"424",0.648106252926814,0,0,0,"CTD",1,424
"425",1.11394459436382,0,0,0,"CTD",1,425
"426",1.32246935964036,1,0,0,"CTD",1,426
"427",0.672543870579057,0,0,0,"CTD",1,427
"428",0.844086297359651,1,0,0,"CTD",1,428
"429",0.871764613249887,1,0,0,"CTD",1,429
"430",0.863773721285769,1,0,0,"CTD",1,430
"431",0.59334288087641,1,0,0,"CTD",1,431
"432",1.10019271184958,1,0,0,"CTD",1,432
"433",0.693640372006851,0,0,0,"CTD",1,433
"434",0.995000472144347,1,0,0,"CTD",1,434
"435",1.11859694420506,0,0,0,"CTD",1,435
"436",0.960360915703072,0,0,0,"CTD",1,436
"437",1.17840167849471,0,0,0,"CTD",1,437
"438",0.994856985816369,0,0,0,"CTD",1,438
"439",0.870467909882867,1,0,0,"CTD",1,439
"440",1.12927188300693,0,0,0,"CTD",1,440
"441",0.913233451994082,0,0,0,"CTD",1,441
"442",1.3545222369957,0,0,0,"CTD",1,442
"443",0.996348057767398,0,0,0,"CTD",1,443
"444",1.17056299872011,0,0,0,"CTD",1,444
"445",1.04103258064881,0,0,0,"CTD",1,445
"446",0.398390280215904,1,0,0,"CTD",1,446
"447",0.726777613734203,0,0,0,"CTD",1,447
"448",0.915179547971038,1,0,0,"CTD",1,448
"449",1.04736073274911,1,0,0,"CTD",1,449
"450",0.531455375928208,1,0,0,"CTD",1,450
"451",1.19233932667614,0,0,0,"CTD",1,451
"452",0.879114853229112,0,0,0,"CTD",1,452
"453",0.849424544127417,0,0,0,"CTD",1,453
"454",0.688877681491151,0,0,0,"CTD",1,454
"455",0.709221252399789,0,0,0,"CTD",1,455
"456",1.01126636721088,1,0,0,"CTD",1,456
"457",1.10187388133478,0,0,0,"CTD",1,457
"458",0.58042340804314,0,0,0,"CTD",1,458
"459",0.799127604110133,1,0,0,"CTD",1,459
"460",1.10715434445052,0,0,0,"CTD",1,460
"461",0.909392583070016,0,0,0,"CTD",1,461
"462",1.43307370036345,1,0,0,"CTD",1,462
"463",1.24914933454962,0,0,0,"CTD",1,463
"464",1.11909960681392,1,0,0,"CTD",1,464
"465",1.00097688990764,0,0,0,"CTD",1,465
"466",1.05587215641105,0,0,0,"CTD",1,466
"467",0.858818774946475,0,0,0,"CTD",1,467
"468",1.12560343059145,0,0,0,"CTD",1,468
"469",1.29604279201714,1,0,0,"CTD",1,469
"470",1.21668598201666,0,0,0,"CTD",1,470
"471",0.837351148667182,1,0,0,"CTD",1,471
"472",0.676224630155282,1,0,0,"CTD",1,472
"473",0.978068860102352,1,0,0,"CTD",1,473
"474",1.0881778741834,0,0,0,"CTD",1,474
"475",1.27019879596172,0,0,0,"CTD",1,475
"476",0.736278103093287,0,0,0,"CTD",1,476
"477",1.07287691852149,0,0,0,"CTD",1,477
"478",1.0466999670177,1,0,0,"CTD",1,478
"479",1.23879105225181,1,0,0,"CTD",1,479
"480",0.994418005574085,0,0,0,"CTD",1,480
"481",0.928540229099149,0,0,0,"CTD",1,481
"482",0.770637172776327,0,0,0,"CTD",1,482
"483",0.896515903281275,0,0,0,"CTD",1,483
"484",0.927575245484346,0,0,0,"CTD",1,484
"485",1.47011086515782,0,0,0,"CTD",1,485
"486",1.48930627513999,1,0,0,"CTD",1,486
"487",0.966659344103145,0,0,0,"CTD",1,487
"488",0.791266512187622,0,0,0,"CTD",1,488
"489",0.605413013185065,0,0,0,"CTD",1,489
"490",1.10293432668761,0,0,0,"CTD",1,490
"491",0.781885283253029,1,0,0,"CTD",1,491
"492",1.45693186510887,1,0,0,"CTD",1,492
"493",0.822876485468408,0,0,0,"CTD",1,493
"494",1.02222128594914,0,0,0,"CTD",1,494
"495",1.76205533614213,1,0,0,"CTD",1,495
"496",0.778218000411349,1,0,0,"CTD",1,496
"497",1.06151332488429,1,0,0,"CTD",1,497
"498",0.778621105554967,0,0,0,"CTD",1,498
"499",1.06953072976439,1,0,0,"CTD",1,499
"500",0.825347092987591,1,0,0,"CTD",1,500
"501",1.01546062454738,1,0,0,"CTD",1,501
"502",0.940626271568676,1,0,0,"CTD",1,502
"503",0.763351551913466,0,0,0,"CTD",1,503
"504",1.00225853768478,0,0,0,"CTD",1,504
"505",1.19832020721187,0,0,0,"CTD",1,505
"506",1.31879349078075,1,0,0,"CTD",1,506
"507",0.725457745814166,0,0,0,"CTD",1,507
"508",0.950077813391536,0,0,0,"CTD",1,508
"509",1.23188490537111,0,0,0,"CTD",1,509
"510",0.777155530431281,0,0,0,"CTD",1,510
"511",0.494299862229922,0,0,0,"CTD",1,511
"512",0.812819488297338,0,0,0,"CTD",1,512
"513",0.806552108412887,0,0,0,"CTD",1,513
"514",1.00949771846556,0,0,0,"CTD",1,514
"515",0.919252641300393,0,0,0,"CTD",1,515
"516",1.04629922564893,0,0,0,"CTD",1,516
"517",0.915525518414651,1,0,0,"CTD",1,517
"518",1.07482367893906,0,0,0,"CTD",1,518
"519",0.926798845000597,0,0,0,"CTD",1,519
"520",1.23802028930421,0,0,0,"CTD",1,520
"521",0.852534494948554,1,0,0,"CTD",1,521
"522",1.05813332908785,1,0,0,"CTD",1,522
"523",0.823030086343109,0,0,0,"CTD",1,523
"524",1.04160129577417,0,0,0,"CTD",1,524
"525",0.990453965504295,0,0,0,"CTD",1,525
"526",0.663095870772281,0,0,0,"CTD",1,526
"527",0.97115468867621,0,0,0,"CTD",1,527
"528",1.23604273310053,0,0,0,"CTD",1,528
"529",1.1362799846399,0,0,0,"CTD",1,529
"530",1.02864952617751,0,0,0,"CTD",1,530
"531",0.761536711257417,0,0,0,"CTD",1,531
"532",1.23384573055782,0,0,0,"CTD",1,532
"533",1.01584034178907,0,0,0,"CTD",1,533
"534",0.909645249446265,0,0,0,"CTD",1,534
"535",1.32840564256015,0,0,0,"CTD",1,535
"536",0.846081535680096,0,0,0,"CTD",1,536
"537",1.06067219215157,0,0,0,"CTD",1,537
"538",1.2563474842367,1,0,0,"CTD",1,538
"539",1.12044455903409,1,0,0,"CTD",1,539
"540",0.938595547092633,0,0,0,"CTD",1,540
"541",0.916316379315472,1,0,0,"CTD",1,541
"542",1.07102710600922,1,0,0,"CTD",1,542
"543",1.10269622291991,0,0,0,"CTD",1,543
"544",1.00372148006575,1,0,0,"CTD",1,544
"545",1.26368979445134,0,0,0,"CTD",1,545
"546",0.986833600032369,1,0,0,"CTD",1,546
"547",0.859940784336459,0,0,0,"CTD",1,547
"548",1.10746522630427,0,0,0,"CTD",1,548
"549",0.559643535529216,0,0,0,"CTD",1,549
"550",1.07839474875968,0,0,0,"CTD",1,550
"551",1.09939219048474,1,0,0,"CTD",1,551
"552",0.95502505691402,0,0,0,"CTD",1,552
"553",0.776571366933623,0,0,0,"CTD",1,553
"554",0.921001079337225,0,0,0,"CTD",1,554
"555",1.30996606844726,1,0,0,"CTD",1,555
"556",0.851297104040267,1,0,0,"CTD",1,556
"557",0.533657576454085,0,0,0,"CTD",1,557
"558",1.16244908844184,1,0,0,"CTD",1,558
"559",0.89973786855973,1,0,0,"CTD",1,559
"560",0.897822686809529,0,0,0,"CTD",1,560
"561",0.756927191768998,0,0,0,"CTD",1,561
"562",0.995488274330556,0,0,0,"CTD",1,562
"563",1.14024786008594,0,0,0,"CTD",1,563
"564",0.88250359488204,0,0,0,"CTD",1,564
"565",0.878654411716242,1,0,0,"CTD",1,565
"566",1.21932804300006,0,0,0,"CTD",1,566
"567",0.950498064583941,0,0,0,"CTD",1,567
"568",0.968019657335351,0,0,0,"CTD",1,568
"569",0.874844349852985,0,0,0,"CTD",1,569
"570",1.18008692712005,0,0,0,"CTD",1,570
"571",0.801161274146755,0,0,0,"CTD",1,571
"572",1.16985007717607,0,0,0,"CTD",1,572
"573",1.16114045779529,0,0,0,"CTD",1,573
"574",0.906479812801756,0,0,0,"CTD",1,574
"575",1.16968406274467,0,0,0,"CTD",1,575
"576",1.1973539727192,0,0,0,"CTD",1,576
"577",1.11512405770387,0,0,0,"CTD",1,577
"578",1.40496840908363,0,0,0,"CTD",1,578
"579",0.607529361754992,0,0,0,"CTD",1,579
"580",0.767015813872483,1,0,0,"CTD",1,580
"581",0.724696157253833,0,0,0,"CTD",1,581
"582",1.03353598689395,0,0,0,"CTD",1,582
"583",1.31692581583194,0,0,0,"CTD",1,583
"584",1.33557779059525,1,0,0,"CTD",1,584
"585",1.09765933967899,0,0,0,"CTD",1,585
"586",1.17573465251206,0,0,0,"CTD",1,586
"587",0.971025025194024,0,0,0,"CTD",1,587
"588",1.09379435201484,0,0,0,"CTD",1,588
"589",1.0752470954259,0,0,0,"CTD",1,589
"590",0.847791944988704,0,0,0,"CTD",1,590
"591",0.941341013249827,0,0,0,"CTD",1,591
"592",0.973031747118496,1,0,0,"CTD",1,592
"593",1.2787691632346,1,0,0,"CTD",1,593
"594",0.792602262060341,0,0,0,"CTD",1,594
"595",0.577132970439268,0,0,0,"CTD",1,595
"596",1.15365564364088,0,0,0,"CTD",1,596
"597",0.836767875849303,0,0,0,"CTD",1,597
"598",0.912778615367885,1,0,0,"CTD",1,598
"599",1.18094100625656,0,0,0,"CTD",1,599
"600",0.847382747090337,1,0,0,"CTD",1,600
"601",0.838592851109869,0,1,0,"ETD",0,601
"602",1.53463273059258,0,1,0,"ETD",0,602
"603",0.778634074320029,1,1,0,"ETD",0,603
"604",0.728776312880994,0,1,0,"ETD",0,604
"605",1.28952970538887,0,1,0,"ETD",0,605
"606",1.33148888154567,0,1,0,"ETD",0,606
"607",1.1108023602232,1,1,0,"ETD",0,607
"608",1.10863590240888,1,1,0,"ETD",0,608
"609",1.29500863409502,1,1,0,"ETD",0,609
"610",1.42974379108636,0,1,0,"ETD",0,610
"611",0.831888970114554,1,1,0,"ETD",0,611
"612",1.41089941532795,0,1,0,"ETD",0,612
"613",1.18920234673953,1,1,0,"ETD",0,613
"614",1.08213131090286,1,1,0,"ETD",0,614
"615",1.40302882802875,1,1,0,"ETD",0,615
"616",1.33795473701469,0,1,0,"ETD",0,616
"617",1.40559049718724,1,1,0,"ETD",0,617
"618",1.09176797127304,1,1,0,"ETD",0,618
"619",1.30523448993631,0,1,0,"ETD",0,619
"620",1.20914512664224,1,1,0,"ETD",0,620
"621",1.04656008904372,0,1,0,"ETD",0,621
"622",1.50144660486794,1,1,0,"ETD",0,622
"623",1.18234536377102,0,1,0,"ETD",0,623
"624",1.13906312483237,0,1,0,"ETD",0,624
"625",1.25579432013377,0,1,0,"ETD",0,625
"626",1.22794690425112,0,1,0,"ETD",0,626
"627",1.00884571703129,0,1,0,"ETD",0,627
"628",1.13936430498151,1,1,0,"ETD",0,628
"629",1.67128889775713,0,1,0,"ETD",0,629
"630",1.13548137904335,1,1,0,"ETD",0,630
"631",1.09074562171393,1,1,0,"ETD",0,631
"632",1.2968660672124,1,1,0,"ETD",0,632
"633",1.23029614928732,1,1,0,"ETD",0,633
"634",1.04233978479205,1,1,0,"ETD",0,634
"635",0.933455437816586,0,1,0,"ETD",0,635
"636",1.31956028150082,1,1,0,"ETD",0,636
"637",1.17376900300136,1,1,0,"ETD",0,637
"638",1.24644944455523,1,1,0,"ETD",0,638
"639",1.09173503905517,0,1,0,"ETD",0,639
"640",0.819577945704546,0,1,0,"ETD",0,640
"641",1.16381891965518,0,1,0,"ETD",0,641
"642",1.62811533999237,0,1,0,"ETD",0,642
"643",0.857645662739793,1,1,0,"ETD",0,643
"644",0.953038741450454,1,1,0,"ETD",0,644
"645",0.882789251099409,0,1,0,"ETD",0,645
"646",1.07697367765339,0,1,0,"ETD",0,646
"647",1.42629084959593,1,1,0,"ETD",0,647
"648",1.11933654884916,1,1,0,"ETD",0,648
"649",1.09888567315202,0,1,0,"ETD",0,649
"650",0.892274579280585,0,1,0,"ETD",0,650
"651",1.16305328340014,0,1,0,"ETD",0,651
"652",1.35706528428418,1,1,0,"ETD",0,652
"653",1.60204315837204,0,1,0,"ETD",0,653
"654",1.41293925506307,0,1,0,"ETD",0,654
"655",0.975995330862587,0,1,0,"ETD",0,655
"656",1.04937399292298,0,1,0,"ETD",0,656
"657",1.27149111105117,0,1,0,"ETD",0,657
"658",1.14799171674909,0,1,0,"ETD",0,658
"659",1.20506605992375,1,1,0,"ETD",0,659
"660",0.88754024332573,0,1,0,"ETD",0,660
"661",1.06469402653129,0,1,0,"ETD",0,661
"662",0.96471915046402,0,1,0,"ETD",0,662
"663",0.964288415077752,0,1,0,"ETD",0,663
"664",1.00621987955558,0,1,0,"ETD",0,664
"665",1.06704188609638,0,1,0,"ETD",0,665
"666",1.14886642137189,1,1,0,"ETD",0,666
"667",1.27668978389897,0,1,0,"ETD",0,667
"668",1.04816384526881,0,1,0,"ETD",0,668
"669",0.978598276134254,1,1,0,"ETD",0,669
"670",1.47323351536257,0,1,0,"ETD",0,670
"671",1.34877328136767,1,1,0,"ETD",0,671
"672",1.28936917188116,0,1,0,"ETD",0,672
"673",1.48999413459308,0,1,0,"ETD",0,673
"674",0.954451610947465,1,1,0,"ETD",0,674
"675",1.55976351639187,0,1,0,"ETD",0,675
"676",1.39528986483211,1,1,0,"ETD",0,676
"677",1.21140460239552,1,1,0,"ETD",0,677
"678",1.27486659678533,1,1,0,"ETD",0,678
"679",1.1622682884902,1,1,0,"ETD",0,679
"680",1.12783484171421,1,1,0,"ETD",0,680
"681",0.83475328798614,0,1,0,"ETD",0,681
"682",1.29851796916373,1,1,0,"ETD",0,682
"683",1.57846467962113,1,1,0,"ETD",0,683
"684",1.56795459133463,1,1,0,"ETD",0,684
"685",1.1839588654255,0,1,0,"ETD",0,685
"686",1.12842444221579,0,1,0,"ETD",0,686
"687",1.18639889891586,1,1,0,"ETD",0,687
"688",1.37918563566486,1,1,0,"ETD",0,688
"689",1.44545976452048,1,1,0,"ETD",0,689
"690",1.2315888305068,0,1,0,"ETD",0,690
"691",1.37285574704281,1,1,0,"ETD",0,691
"692",1.14458483120129,0,1,0,"ETD",0,692
"693",1.24954444066946,0,1,0,"ETD",0,693
"694",1.38712800272697,1,1,0,"ETD",0,694
"695",1.87791472534806,1,1,0,"ETD",0,695
"696",1.13919948088119,1,1,0,"ETD",0,696
"697",1.01637053662268,1,1,0,"ETD",0,697
"698",1.23916159148307,0,1,0,"ETD",0,698
"699",1.06883495072724,0,1,0,"ETD",0,699
"700",1.27705662890431,0,1,0,"ETD",0,700
"701",1.21824967982691,0,1,0,"ETD",0,701
"702",1.41323343260793,1,1,0,"ETD",0,702
"703",0.958044703267727,1,1,0,"ETD",0,703
"704",0.908884957723834,0,1,0,"ETD",0,704
"705",1.46351461164293,0,1,0,"ETD",0,705
"706",1.19505715995821,1,1,0,"ETD",0,706
"707",0.965517868511878,1,1,0,"ETD",0,707
"708",0.935245517919562,1,1,0,"ETD",0,708
"709",1.03952834288752,1,1,0,"ETD",0,709
"710",1.2680922802274,1,1,0,"ETD",0,710
"711",1.04454491785502,0,1,0,"ETD",0,711
"712",1.41836923275277,0,1,0,"ETD",0,712
"713",1.19876892569732,0,1,0,"ETD",0,713
"714",1.18917615787886,0,1,0,"ETD",0,714
"715",1.14689605427475,0,1,0,"ETD",0,715
"716",1.09048453436964,1,1,0,"ETD",0,716
"717",1.11646417058771,1,1,0,"ETD",0,717
"718",1.3812957159873,0,1,0,"ETD",0,718
"719",0.882247198156537,0,1,0,"ETD",0,719
"720",1.36735375505164,0,1,0,"ETD",0,720
"721",1.07986316066015,1,1,0,"ETD",0,721
"722",1.29694464891018,1,1,0,"ETD",0,722
"723",1.13831710324325,1,1,0,"ETD",0,723
"724",0.88083741914945,1,1,0,"ETD",0,724
"725",1.21938105385556,1,1,0,"ETD",0,725
"726",1.02231907060316,0,1,0,"ETD",0,726
"727",1.37487847090374,0,1,0,"ETD",0,727
"728",0.984453393837022,1,1,0,"ETD",0,728
"729",0.792443972496909,1,1,0,"ETD",0,729
"730",0.979197999487147,0,1,0,"ETD",0,730
"731",1.03559545552873,1,1,0,"ETD",0,731
"732",0.984813864258169,0,1,0,"ETD",0,732
"733",1.10248318119071,0,1,0,"ETD",0,733
"734",1.03093470077846,1,1,0,"ETD",0,734
"735",1.06785156104808,0,1,0,"ETD",0,735
"736",1.21559828768173,0,1,0,"ETD",0,736
"737",0.91727067766206,1,1,0,"ETD",0,737
"738",1.30203553300448,0,1,0,"ETD",0,738
"739",1.14948883278992,0,1,0,"ETD",0,739
"740",1.142354445817,0,1,0,"ETD",0,740
"741",0.742752516003995,0,1,0,"ETD",0,741
"742",1.08975418411269,0,1,0,"ETD",0,742
"743",1.03887077911371,0,1,0,"ETD",0,743
"744",1.31945908314306,1,1,0,"ETD",0,744
"745",1.42816410220852,0,1,0,"ETD",0,745
"746",1.39624924304996,0,1,0,"ETD",0,746
"747",0.927332507569569,1,1,0,"ETD",0,747
"748",0.990789221467287,1,1,0,"ETD",0,748
"749",1.13209602457066,1,1,0,"ETD",0,749
"750",0.938068622427709,0,1,0,"ETD",0,750
"751",0.829137561203986,1,1,0,"ETD",0,751
"752",1.30827013320505,0,1,0,"ETD",0,752
"753",1.1636313056118,0,1,0,"ETD",0,753
"754",1.27287919994562,1,1,0,"ETD",0,754
"755",0.909386449434561,0,1,0,"ETD",0,755
"756",1.08190903292787,0,1,0,"ETD",0,756
"757",0.915750273115378,0,1,0,"ETD",0,757
"758",0.984117046472971,0,1,0,"ETD",0,758
"759",1.19584240836101,1,1,0,"ETD",0,759
"760",0.987001416343452,1,1,0,"ETD",0,760
"761",0.951310897077311,1,1,0,"ETD",0,761
"762",0.888766308198164,1,1,0,"ETD",0,762
"763",0.863155645698425,0,1,0,"ETD",0,763
"764",0.977430413352666,0,1,0,"ETD",0,764
"765",1.49075984076283,1,1,0,"ETD",0,765
"766",1.01887348070521,0,1,0,"ETD",0,766
"767",0.92736627487481,1,1,0,"ETD",0,767
"768",0.868898910726327,0,1,0,"ETD",0,768
"769",1.11987126264247,1,1,0,"ETD",0,769
"770",1.07119861751424,1,1,0,"ETD",0,770
"771",1.20041386394958,1,1,0,"ETD",0,771
"772",1.09345871245361,0,1,0,"ETD",0,772
"773",1.32353352250684,1,1,0,"ETD",0,773
"774",1.29401822425753,1,1,0,"ETD",0,774
"775",1.3612139202817,1,1,0,"ETD",0,775
"776",1.19870041207568,0,1,0,"ETD",0,776
"777",1.37287253241426,0,1,0,"ETD",0,777
"778",1.13468945725502,1,1,0,"ETD",0,778
"779",1.33658501079007,1,1,0,"ETD",0,779
"780",1.11840365226617,0,1,0,"ETD",0,780
"781",1.01369809703948,0,1,0,"ETD",0,781
"782",0.905979781714972,1,1,0,"ETD",0,782
"783",1.00821740167513,0,1,0,"ETD",0,783
"784",1.00026408043171,0,1,0,"ETD",0,784
"785",1.26521550522933,0,1,0,"ETD",0,785
"786",1.13958010721381,1,1,0,"ETD",0,786
"787",1.0239325652809,0,1,0,"ETD",0,787
"788",0.970332786897851,1,1,0,"ETD",0,788
"789",1.45253717510346,1,1,0,"ETD",0,789
"790",1.10265014144908,1,1,0,"ETD",0,790
"791",0.90023931568072,0,1,0,"ETD",0,791
"792",1.0639981327229,1,1,0,"ETD",0,792
"793",1.16865988729354,0,1,0,"ETD",0,793
"794",1.3166082177421,0,1,0,"ETD",0,794
"795",1.13301350437623,1,1,0,"ETD",0,795
"796",1.17237060780245,0,1,0,"ETD",0,796
"797",0.942112811430206,0,1,0,"ETD",0,797
"798",1.30928456270419,0,1,0,"ETD",0,798
"799",1.16998067523159,0,1,0,"ETD",0,799
"800",1.29739195063816,0,1,0,"ETD",0,800
"801",1.45937626688325,0,1,0,"ETD",0,801
"802",1.18578419437268,0,1,0,"ETD",0,802
"803",1.09349068167135,0,1,0,"ETD",0,803
"804",0.996540244284982,1,1,0,"ETD",0,804
"805",1.03471915195138,0,1,0,"ETD",0,805
"806",0.967028831999847,0,1,0,"ETD",0,806
"807",1.22398219225748,1,1,0,"ETD",0,807
"808",0.856463127339662,0,1,0,"ETD",0,808
"809",0.800927604318383,0,1,0,"ETD",0,809
"810",1.01652363921571,1,1,0,"ETD",0,810
"811",1.36685580129641,1,1,0,"ETD",0,811
"812",1.17456632828643,0,1,0,"ETD",0,812
"813",1.05115012104938,0,1,0,"ETD",0,813
"814",1.2839176367829,0,1,0,"ETD",0,814
"815",1.07970422933301,0,1,0,"ETD",0,815
"816",1.12700391982378,0,1,0,"ETD",0,816
"817",1.16459738836026,0,1,0,"ETD",0,817
"818",1.3677549225106,1,1,0,"ETD",0,818
"819",1.40851374769315,0,1,0,"ETD",0,819
"820",1.40650225881981,1,1,0,"ETD",0,820
"821",1.34581122365893,0,1,0,"ETD",0,821
"822",1.21589395668582,0,1,0,"ETD",0,822
"823",1.5259271435467,0,1,0,"ETD",0,823
"824",1.55857980621027,0,1,0,"ETD",0,824
"825",1.41571527452403,0,1,0,"ETD",0,825
"826",1.10606627125269,1,1,0,"ETD",0,826
"827",0.941990513689739,0,1,0,"ETD",0,827
"828",1.18858995654183,0,1,0,"ETD",0,828
"829",1.03895274962415,1,1,0,"ETD",0,829
"830",1.20499817797027,1,1,0,"ETD",0,830
"831",1.03989731898281,1,1,0,"ETD",0,831
"832",1.3342519786187,0,1,0,"ETD",0,832
"833",1.58789119847449,0,1,0,"ETD",0,833
"834",1.3427989580165,1,1,0,"ETD",0,834
"835",1.29836369525453,1,1,0,"ETD",0,835
"836",1.15747131299189,0,1,0,"ETD",0,836
"837",1.58616673724695,0,1,0,"ETD",0,837
"838",1.13408295929851,1,1,0,"ETD",0,838
"839",1.42525900576472,0,1,0,"ETD",0,839
"840",1.46506333535814,1,1,0,"ETD",0,840
"841",1.18207539568159,0,1,0,"ETD",0,841
"842",0.499355985419414,1,1,0,"ETD",0,842
"843",1.08401390253726,0,1,0,"ETD",0,843
"844",1.24141796513252,0,1,0,"ETD",0,844
"845",0.889179248513124,0,1,0,"ETD",0,845
"846",0.891765312230956,0,1,0,"ETD",0,846
"847",1.33127594633375,0,1,0,"ETD",0,847
"848",0.590807700957755,1,1,0,"ETD",0,848
"849",1.19671211426406,0,1,0,"ETD",0,849
"850",1.09619281227017,1,1,0,"ETD",0,850
"851",1.01829098899657,0,1,0,"ETD",0,851
"852",1.16266915861412,0,1,0,"ETD",0,852
"853",1.160895367813,0,1,0,"ETD",0,853
"854",1.19940186468733,0,1,0,"ETD",0,854
"855",1.17480710958115,1,1,0,"ETD",0,855
"856",1.04294866007848,1,1,0,"ETD",0,856
"857",1.20169651827719,0,1,0,"ETD",0,857
"858",1.42754177359151,0,1,0,"ETD",0,858
"859",1.28343408925994,1,1,0,"ETD",0,859
"860",1.44940989041614,0,1,0,"ETD",0,860
"861",1.09502391931126,0,1,0,"ETD",0,861
"862",1.26661516867415,1,1,0,"ETD",0,862
"863",1.25067170525636,0,1,0,"ETD",0,863
"864",1.00135046360495,0,1,0,"ETD",0,864
"865",0.986624482909228,0,1,0,"ETD",0,865
"866",1.52405673621239,0,1,0,"ETD",0,866
"867",0.984549391190747,1,1,0,"ETD",0,867
"868",1.34014253871686,0,1,0,"ETD",0,868
"869",1.09676552978786,1,1,0,"ETD",0,869
"870",0.930183563660679,0,1,0,"ETD",0,870
"871",0.843156491385278,0,1,0,"ETD",0,871
"872",0.908738028073216,0,1,0,"ETD",0,872
"873",0.759994945428137,0,1,0,"ETD",0,873
"874",0.973191994073637,1,1,0,"ETD",0,874
"875",1.34468119704032,0,1,0,"ETD",0,875
"876",1.0338057368329,0,1,0,"ETD",0,876
"877",1.49735347630241,0,1,0,"ETD",0,877
"878",1.11546493636936,1,1,0,"ETD",0,878
"879",0.962401493650187,1,1,0,"ETD",0,879
"880",1.09308126804139,1,1,0,"ETD",0,880
"881",1.03219637966661,0,1,0,"ETD",0,881
"882",1.06121371479422,1,1,0,"ETD",0,882
"883",1.16199931469385,1,1,0,"ETD",0,883
"884",1.16644658977304,0,1,0,"ETD",0,884
"885",1.30167950473743,0,1,0,"ETD",0,885
"886",1.25793259818067,0,1,0,"ETD",0,886
"887",1.3053295293065,1,1,0,"ETD",0,887
"888",1.17643433293489,1,1,0,"ETD",0,888
"889",0.988626940041852,1,1,0,"ETD",0,889
"890",1.23987001715732,1,1,0,"ETD",0,890
"891",1.23252829136663,0,1,0,"ETD",0,891
"892",1.0692771901776,1,1,0,"ETD",0,892
"893",1.07238234450452,0,1,0,"ETD",0,893
"894",1.36903754956806,0,1,0,"ETD",0,894
"895",1.41809600861063,1,1,0,"ETD",0,895
"896",1.17288110933513,0,1,0,"ETD",0,896
"897",1.07154707594368,0,1,0,"ETD",0,897
"898",1.48047156863951,0,1,0,"ETD",0,898
"899",0.901260478245078,0,1,0,"ETD",0,899
"900",0.967614825844088,1,1,0,"ETD",0,900
"901",1.32000869437879,1,1,0,"ETD",1,901
"902",0.96493740098015,1,1,0,"ETD",1,902
"903",1.32871624288824,0,1,0,"ETD",1,903
"904",0.961798052437626,1,1,0,"ETD",1,904
"905",1.25779041882031,1,1,0,"ETD",1,905
"906",1.11360512037893,1,1,0,"ETD",1,906
"907",1.32835351899302,1,1,0,"ETD",1,907
"908",1.41584164104698,0,1,0,"ETD",1,908
"909",1.1293067749587,0,1,0,"ETD",1,909
"910",1.27301292214446,0,1,0,"ETD",1,910
"911",0.79004552093276,1,1,0,"ETD",1,911
"912",1.0974589716714,1,1,0,"ETD",1,912
"913",0.907971624624316,0,1,0,"ETD",1,913
"914",1.19089545051017,1,1,0,"ETD",1,914
"915",1.14720117909762,1,1,0,"ETD",1,915
"916",1.10295983203622,0,1,0,"ETD",1,916
"917",1.11233626915241,0,1,0,"ETD",1,917
"918",1.3402566137681,0,1,0,"ETD",1,918
"919",1.1191970428053,0,1,0,"ETD",1,919
"920",1.52084890095037,0,1,0,"ETD",1,920
"921",0.769166529122102,0,1,0,"ETD",1,921
"922",1.22185994038009,0,1,0,"ETD",1,922
"923",1.57290698924194,1,1,0,"ETD",1,923
"924",0.922850202631367,1,1,0,"ETD",1,924
"925",0.990748802843132,1,1,0,"ETD",1,925
"926",1.07048610996985,1,1,0,"ETD",1,926
"927",1.16834480830912,0,1,0,"ETD",1,927
"928",1.10226118517294,1,1,0,"ETD",1,928
"929",1.05760752726012,0,1,0,"ETD",1,929
"930",1.53526812146992,1,1,0,"ETD",1,930
"931",1.17441096296452,0,1,0,"ETD",1,931
"932",1.36841011530126,0,1,0,"ETD",1,932
"933",0.555548504910517,0,1,0,"ETD",1,933
"934",1.37569781019306,0,1,0,"ETD",1,934
"935",1.41240002580273,1,1,0,"ETD",1,935
"936",1.05347840538699,0,1,0,"ETD",1,936
"937",1.10502820066924,0,1,0,"ETD",1,937
"938",1.48355306217587,1,1,0,"ETD",1,938
"939",1.15824370646332,0,1,0,"ETD",1,939
"940",1.35763496911028,0,1,0,"ETD",1,940
"941",1.26752858666845,0,1,0,"ETD",1,941
"942",1.11834008457087,1,1,0,"ETD",1,942
"943",1.09158291702168,0,1,0,"ETD",1,943
"944",0.866020207332157,0,1,0,"ETD",1,944
"945",0.722336394958305,0,1,0,"ETD",1,945
"946",1.14549997901948,1,1,0,"ETD",1,946
"947",1.20395419072499,0,1,0,"ETD",1,947
"948",1.04940612019379,0,1,0,"ETD",1,948
"949",1.27616147807354,0,1,0,"ETD",1,949
"950",1.24491304168331,0,1,0,"ETD",1,950
"951",1.08186818768471,0,1,0,"ETD",1,951
"952",1.15992031190443,0,1,0,"ETD",1,952
"953",1.40905263817202,0,1,0,"ETD",1,953
"954",1.21292484099166,1,1,0,"ETD",1,954
"955",1.31031450074047,0,1,0,"ETD",1,955
"956",1.24721177924649,1,1,0,"ETD",1,956
"957",1.49511221133017,1,1,0,"ETD",1,957
"958",1.17048657215016,1,1,0,"ETD",1,958
"959",0.952032585012133,0,1,0,"ETD",1,959
"960",1.05791175820022,1,1,0,"ETD",1,960
"961",1.19753229839432,1,1,0,"ETD",1,961
"962",1.09612054716582,0,1,0,"ETD",1,962
"963",1.11608918606867,1,1,0,"ETD",1,963
"964",1.28297379465332,1,1,0,"ETD",1,964
"965",0.994889816958931,1,1,0,"ETD",1,965
"966",0.766147773794151,0,1,0,"ETD",1,966
"967",1.55386650792668,0,1,0,"ETD",1,967
"968",1.2370421029738,1,1,0,"ETD",1,968
"969",1.36003376643097,0,1,0,"ETD",1,969
"970",1.08757703186992,1,1,0,"ETD",1,970
"971",1.16872352346091,0,1,0,"ETD",1,971
"972",0.719362449882686,1,1,0,"ETD",1,972
"973",1.2215986142053,1,1,0,"ETD",1,973
"974",1.24357296226589,0,1,0,"ETD",1,974
"975",0.968662233024732,0,1,0,"ETD",1,975
"976",1.04413001689465,0,1,0,"ETD",1,976
"977",1.41871534337103,0,1,0,"ETD",1,977
"978",1.2438868113247,1,1,0,"ETD",1,978
"979",1.09937898244992,1,1,0,"ETD",1,979
"980",1.22382074306568,1,1,0,"ETD",1,980
"981",0.880658561909844,0,1,0,"ETD",1,981
"982",1.38438708512412,1,1,0,"ETD",1,982
"983",0.768252731014741,0,1,0,"ETD",1,983
"984",0.949121837875202,0,1,0,"ETD",1,984
"985",1.28533750273182,1,1,0,"ETD",1,985
"986",1.3804643488434,0,1,0,"ETD",1,986
"987",0.803448016487339,0,1,0,"ETD",1,987
"988",1.27026177131721,1,1,0,"ETD",1,988
"989",1.2183300628149,0,1,0,"ETD",1,989
"990",1.14294379818686,0,1,0,"ETD",1,990
"991",1.02476699604085,0,1,0,"ETD",1,991
"992",0.978805758050783,1,1,0,"ETD",1,992
"993",1.18035556839476,1,1,0,"ETD",1,993
"994",1.39127453876923,0,1,0,"ETD",1,994
"995",0.852284423359466,1,1,0,"ETD",1,995
"996",0.939925175386248,0,1,0,"ETD",1,996
"997",1.47757482338172,1,1,0,"ETD",1,997
"998",0.908533163759345,0,1,0,"ETD",1,998
"999",0.624768983079447,0,1,0,"ETD",1,999
"1000",1.1534926532302,0,1,0,"ETD",1,1000
"1001",1.21883880547365,1,1,0,"ETD",1,1001
"1002",1.15254396746643,1,1,0,"ETD",1,1002
"1003",0.975309973362207,1,1,0,"ETD",1,1003
"1004",1.21856005686824,1,1,0,"ETD",1,1004
"1005",1.1145224491435,0,1,0,"ETD",1,1005
"1006",1.33428665091812,1,1,0,"ETD",1,1006
"1007",1.21018888044191,0,1,0,"ETD",1,1007
"1008",1.28867735054196,0,1,0,"ETD",1,1008
"1009",1.21509438125575,1,1,0,"ETD",1,1009
"1010",1.23161020454577,0,1,0,"ETD",1,1010
"1011",1.3019684511782,0,1,0,"ETD",1,1011
"1012",0.692569295909917,0,1,0,"ETD",1,1012
"1013",1.25356765231769,1,1,0,"ETD",1,1013
"1014",0.880552748342783,0,1,0,"ETD",1,1014
"1015",1.22263197177367,0,1,0,"ETD",1,1015
"1016",1.41295051293165,0,1,0,"ETD",1,1016
"1017",1.06033881781844,0,1,0,"ETD",1,1017
"1018",0.98836710634815,0,1,0,"ETD",1,1018
"1019",1.13274630019208,0,1,0,"ETD",1,1019
"1020",1.46708485450417,1,1,0,"ETD",1,1020
"1021",1.17021148963734,0,1,0,"ETD",1,1021
"1022",1.17975244233059,1,1,0,"ETD",1,1022
"1023",1.04071306637119,0,1,0,"ETD",1,1023
"1024",1.04446488254718,1,1,0,"ETD",1,1024
"1025",1.12202568810159,1,1,0,"ETD",1,1025
"1026",0.83211771711003,1,1,0,"ETD",1,1026
"1027",1.39682083313753,1,1,0,"ETD",1,1027
"1028",1.08290903033358,0,1,0,"ETD",1,1028
"1029",0.749799498638026,0,1,0,"ETD",1,1029
"1030",1.14650831945233,1,1,0,"ETD",1,1030
"1031",1.10180662083128,1,1,0,"ETD",1,1031
"1032",0.791602120215495,1,1,0,"ETD",1,1032
"1033",1.5599383022454,1,1,0,"ETD",1,1033
"1034",0.926556477697824,1,1,0,"ETD",1,1034
"1035",0.879290091036472,0,1,0,"ETD",1,1035
"1036",1.24026046220618,0,1,0,"ETD",1,1036
"1037",1.3566454849701,0,1,0,"ETD",1,1037
"1038",1.11082286097722,1,1,0,"ETD",1,1038
"1039",1.19546207735615,1,1,0,"ETD",1,1039
"1040",0.929560050002502,1,1,0,"ETD",1,1040
"1041",1.34105547370827,1,1,0,"ETD",1,1041
"1042",1.2125660891825,1,1,0,"ETD",1,1042
"1043",1.17020114263983,1,1,0,"ETD",1,1043
"1044",1.29962308285805,0,1,0,"ETD",1,1044
"1045",1.34979217895872,1,1,0,"ETD",1,1045
"1046",1.00349693819737,0,1,0,"ETD",1,1046
"1047",1.24617904802216,1,1,0,"ETD",1,1047
"1048",0.952109938348529,0,1,0,"ETD",1,1048
"1049",1.59591180966915,1,1,0,"ETD",1,1049
"1050",1.24134731991777,0,1,0,"ETD",1,1050
"1051",1.14283691128307,1,1,0,"ETD",1,1051
"1052",1.05191145871605,0,1,0,"ETD",1,1052
"1053",1.10588667776384,0,1,0,"ETD",1,1053
"1054",0.929758127843002,1,1,0,"ETD",1,1054
"1055",1.16269409427141,1,1,0,"ETD",1,1055
"1056",1.26670518661743,0,1,0,"ETD",1,1056
"1057",1.04732823076105,0,1,0,"ETD",1,1057
"1058",0.987489575614483,0,1,0,"ETD",1,1058
"1059",0.824136018897087,0,1,0,"ETD",1,1059
"1060",1.26378114130235,1,1,0,"ETD",1,1060
"1061",1.21675666134099,0,1,0,"ETD",1,1061
"1062",1.10773548812621,0,1,0,"ETD",1,1062
"1063",1.03978041392015,0,1,0,"ETD",1,1063
"1064",1.20167222578823,0,1,0,"ETD",1,1064
"1065",0.874957910717801,1,1,0,"ETD",1,1065
"1066",0.85544917017946,1,1,0,"ETD",1,1066
"1067",0.860958065430827,0,1,0,"ETD",1,1067
"1068",1.07774231507577,1,1,0,"ETD",1,1068
"1069",1.30814199294613,0,1,0,"ETD",1,1069
"1070",1.2929315692648,1,1,0,"ETD",1,1070
"1071",1.0369692965404,0,1,0,"ETD",1,1071
"1072",1.43360286068582,0,1,0,"ETD",1,1072
"1073",0.920848643802,1,1,0,"ETD",1,1073
"1074",1.05143643540952,0,1,0,"ETD",1,1074
"1075",1.0033895452688,0,1,0,"ETD",1,1075
"1076",1.18184641607091,0,1,0,"ETD",1,1076
"1077",0.799761408156105,0,1,0,"ETD",1,1077
"1078",1.38696617341049,0,1,0,"ETD",1,1078
"1079",1.39140632020415,0,1,0,"ETD",1,1079
"1080",1.3455298653061,1,1,0,"ETD",1,1080
"1081",1.13360165119136,0,1,0,"ETD",1,1081
"1082",1.38125268451958,0,1,0,"ETD",1,1082
"1083",1.2473592673505,1,1,0,"ETD",1,1083
"1084",1.34176973255901,1,1,0,"ETD",1,1084
"1085",1.18555847423776,1,1,0,"ETD",1,1085
"1086",1.20845017620681,1,1,0,"ETD",1,1086
"1087",0.727331863069327,0,1,0,"ETD",1,1087
"1088",1.04239041783578,0,1,0,"ETD",1,1088
"1089",1.35280511695063,1,1,0,"ETD",1,1089
"1090",1.17025392829477,0,1,0,"ETD",1,1090
"1091",0.906258525690383,1,1,0,"ETD",1,1091
"1092",0.958324641441769,0,1,0,"ETD",1,1092
"1093",1.0388405030788,1,1,0,"ETD",1,1093
"1094",1.57437518232866,1,1,0,"ETD",1,1094
"1095",1.11408200248781,0,1,0,"ETD",1,1095
"1096",1.02105291835145,1,1,0,"ETD",1,1096
"1097",0.731483245648692,1,1,0,"ETD",1,1097
"1098",0.769625832460229,1,1,0,"ETD",1,1098
"1099",1.39445005526432,1,1,0,"ETD",1,1099
"1100",0.979755911723968,1,1,0,"ETD",1,1100
"1101",1.47424057659151,1,1,0,"ETD",1,1101
"1102",1.0841794396071,0,1,0,"ETD",1,1102
"1103",0.684718094511978,0,1,0,"ETD",1,1103
"1104",1.5885995999073,1,1,0,"ETD",1,1104
"1105",0.933504004720614,0,1,0,"ETD",1,1105
"1106",1.04872780652799,0,1,0,"ETD",1,1106
"1107",1.16918379136661,1,1,0,"ETD",1,1107
"1108",1.12596694841169,0,1,0,"ETD",1,1108
"1109",0.846266474065088,1,1,0,"ETD",1,1109
"1110",0.84788298743141,0,1,0,"ETD",1,1110
"1111",1.42912098564606,1,1,0,"ETD",1,1111
"1112",1.00831561118401,1,1,0,"ETD",1,1112
"1113",1.315587670622,1,1,0,"ETD",1,1113
"1114",1.49155116744271,0,1,0,"ETD",1,1114
"1115",0.994166688625685,1,1,0,"ETD",1,1115
"1116",1.0086201862656,1,1,0,"ETD",1,1116
"1117",0.751419497896928,0,1,0,"ETD",1,1117
"1118",1.52997530658219,1,1,0,"ETD",1,1118
"1119",0.998758612825467,0,1,0,"ETD",1,1119
"1120",1.07440884405516,1,1,0,"ETD",1,1120
"1121",0.877209039702852,0,1,0,"ETD",1,1121
"1122",1.29839163186152,1,1,0,"ETD",1,1122
"1123",1.47219519920277,1,1,0,"ETD",1,1123
"1124",1.19547748937907,0,1,0,"ETD",1,1124
"1125",1.06989686521653,0,1,0,"ETD",1,1125
"1126",0.816083920071387,0,1,0,"ETD",1,1126
"1127",1.44814021946042,0,1,0,"ETD",1,1127
"1128",1.28829748663968,0,1,0,"ETD",1,1128
"1129",1.14180450466704,1,1,0,"ETD",1,1129
"1130",1.39086897053568,0,1,0,"ETD",1,1130
"1131",1.40970299271407,0,1,0,"ETD",1,1131
"1132",1.05755659584802,0,1,0,"ETD",1,1132
"1133",0.904845250435563,0,1,0,"ETD",1,1133
"1134",1.34265335082115,0,1,0,"ETD",1,1134
"1135",1.28864224559218,0,1,0,"ETD",1,1135
"1136",1.04972136681477,0,1,0,"ETD",1,1136
"1137",1.78079428339674,0,1,0,"ETD",1,1137
"1138",0.640178620996612,1,1,0,"ETD",1,1138
"1139",1.14837238303418,0,1,0,"ETD",1,1139
"1140",1.37775612819426,1,1,0,"ETD",1,1140
"1141",1.44646929358928,0,1,0,"ETD",1,1141
"1142",1.34516900179277,1,1,0,"ETD",1,1142
"1143",1.17967005865664,0,1,0,"ETD",1,1143
"1144",1.30778175146154,0,1,0,"ETD",1,1144
"1145",1.26151624394154,0,1,0,"ETD",1,1145
"1146",1.14452112139142,1,1,0,"ETD",1,1146
"1147",0.974585008239952,0,1,0,"ETD",1,1147
"1148",1.39324869414568,0,1,0,"ETD",1,1148
"1149",1.07975003754502,0,1,0,"ETD",1,1149
"1150",1.09112137652529,0,1,0,"ETD",1,1150
"1151",1.20062756189179,1,1,0,"ETD",1,1151
"1152",1.15229959716529,0,1,0,"ETD",1,1152
"1153",0.754843207554987,1,1,0,"ETD",1,1153
"1154",1.06473465522769,1,1,0,"ETD",1,1154
"1155",1.27246051202203,1,1,0,"ETD",1,1155
"1156",1.39616282176714,0,1,0,"ETD",1,1156
"1157",0.895838438394063,1,1,0,"ETD",1,1157
"1158",1.01988886729928,0,1,0,"ETD",1,1158
"1159",0.661366752562927,0,1,0,"ETD",1,1159
"1160",1.34930971890369,0,1,0,"ETD",1,1160
"1161",1.1510227056818,1,1,0,"ETD",1,1161
"1162",1.30820495276755,1,1,0,"ETD",1,1162
"1163",1.03736169264177,0,1,0,"ETD",1,1163
"1164",1.19276524053978,0,1,0,"ETD",1,1164
"1165",1.34541653282044,0,1,0,"ETD",1,1165
"1166",1.10316777947284,1,1,0,"ETD",1,1166
"1167",1.31973211079095,1,1,0,"ETD",1,1167
"1168",1.28079417811307,1,1,0,"ETD",1,1168
"1169",0.831885994745224,0,1,0,"ETD",1,1169
"1170",1.21188462658278,0,1,0,"ETD",1,1170
"1171",0.652803562022879,0,1,0,"ETD",1,1171
"1172",1.09431217854078,1,1,0,"ETD",1,1172
"1173",1.03951324813329,1,1,0,"ETD",1,1173
"1174",1.32520841455805,1,1,0,"ETD",1,1174
"1175",1.2086967388883,1,1,0,"ETD",1,1175
"1176",1.03055559062562,1,1,0,"ETD",1,1176
"1177",1.11855927933849,0,1,0,"ETD",1,1177
"1178",1.18683701205567,1,1,0,"ETD",1,1178
"1179",0.947393597140241,0,1,0,"ETD",1,1179
"1180",1.01403131905203,0,1,0,"ETD",1,1180
"1181",0.901461277100049,1,1,0,"ETD",1,1181
"1182",0.842996252704142,0,1,0,"ETD",1,1182
"1183",1.04509199737792,0,1,0,"ETD",1,1183
"1184",1.14629452290837,1,1,0,"ETD",1,1184
"1185",0.836370565768206,0,1,0,"ETD",1,1185
"1186",1.24357033483908,1,1,0,"ETD",1,1186
"1187",1.01643422720371,1,1,0,"ETD",1,1187
"1188",1.2122164719175,1,1,0,"ETD",1,1188
"1189",1.17851020083371,1,1,0,"ETD",1,1189
"1190",1.07519305585384,1,1,0,"ETD",1,1190
"1191",0.761014724792848,0,1,0,"ETD",1,1191
"1192",0.830463737185922,0,1,0,"ETD",1,1192
"1193",0.641868427804168,0,1,0,"ETD",1,1193
"1194",1.42240944990819,0,1,0,"ETD",1,1194
"1195",1.07786679932963,1,1,0,"ETD",1,1195
"1196",1.53727946217282,1,1,0,"ETD",1,1196
"1197",0.858823240493709,1,1,0,"ETD",1,1197
"1198",1.44638114165946,0,1,0,"ETD",1,1198
"1199",1.36522392720958,0,1,0,"ETD",1,1199
"1200",0.998502319726805,0,1,0,"ETD",1,1200
"1201",0.981786604072439,0,0,1,"RWD",0,1201
"1202",1.35048490684692,0,0,1,"RWD",0,1202
"1203",1.15566154246328,0,0,1,"RWD",0,1203
"1204",1.15843827109286,1,0,1,"RWD",0,1204
"1205",1.02266532885642,1,0,1,"RWD",0,1205
"1206",0.822653229339454,0,0,1,"RWD",0,1206
"1207",0.750674569128841,1,0,1,"RWD",0,1207
"1208",1.00532287128868,0,0,1,"RWD",0,1208
"1209",1.45034384555458,0,0,1,"RWD",0,1209
"1210",1.09434076324272,1,0,1,"RWD",0,1210
"1211",1.08287458184928,0,0,1,"RWD",0,1211
"1212",1.11652472177,1,0,1,"RWD",0,1212
"1213",0.972958400181714,1,0,1,"RWD",0,1213
"1214",0.770249194688421,0,0,1,"RWD",0,1214
"1215",1.58514815917036,0,0,1,"RWD",0,1215
"1216",0.965262782263603,1,0,1,"RWD",0,1216
"1217",0.990279697613387,0,0,1,"RWD",0,1217
"1218",0.691531654629405,0,0,1,"RWD",0,1218
"1219",1.00039835498638,0,0,1,"RWD",0,1219
"1220",1.00053921632508,0,0,1,"RWD",0,1220
"1221",0.998897924294731,0,0,1,"RWD",0,1221
"1222",0.692612379981487,0,0,1,"RWD",0,1222
"1223",1.40693256320495,1,0,1,"RWD",0,1223
"1224",1.40271726954918,1,0,1,"RWD",0,1224
"1225",1.18792004438682,1,0,1,"RWD",0,1225
"1226",0.829851871115216,0,0,1,"RWD",0,1226
"1227",1.19290187137956,1,0,1,"RWD",0,1227
"1228",1.0007059366132,0,0,1,"RWD",0,1228
"1229",0.986042766814559,0,0,1,"RWD",0,1229
"1230",1.32252885859094,1,0,1,"RWD",0,1230
"1231",0.804423482003464,0,0,1,"RWD",0,1231
"1232",0.947756153449905,1,0,1,"RWD",0,1232
"1233",0.903761000187007,1,0,1,"RWD",0,1233
"1234",1.05395040137536,0,0,1,"RWD",0,1234
"1235",0.735427217058002,0,0,1,"RWD",0,1235
"1236",0.909333346034342,0,0,1,"RWD",0,1236
"1237",1.19318641778153,0,0,1,"RWD",0,1237
"1238",1.14304298128462,0,0,1,"RWD",0,1238
"1239",0.855219538719142,0,0,1,"RWD",0,1239
"1240",1.16184354609367,1,0,1,"RWD",0,1240
"1241",0.563472050918867,0,0,1,"RWD",0,1241
"1242",0.981903014659571,0,0,1,"RWD",0,1242
"1243",1.19260663897005,0,0,1,"RWD",0,1243
"1244",0.918192522702174,1,0,1,"RWD",0,1244
"1245",1.0427194754867,1,0,1,"RWD",0,1245
"1246",0.731342739694619,0,0,1,"RWD",0,1246
"1247",1.21955855944955,1,0,1,"RWD",0,1247
"1248",0.679922230267877,1,0,1,"RWD",0,1248
"1249",0.985269873661937,1,0,1,"RWD",0,1249
"1250",0.998950377499366,0,0,1,"RWD",0,1250
"1251",1.06218424546135,0,0,1,"RWD",0,1251
"1252",0.885301674196224,0,0,1,"RWD",0,1252
"1253",1.41594609696721,0,0,1,"RWD",0,1253
"1254",0.7640167568437,0,0,1,"RWD",0,1254
"1255",1.10082742860092,1,0,1,"RWD",0,1255
"1256",0.462045260932804,0,0,1,"RWD",0,1256
"1257",1.0504831617887,0,0,1,"RWD",0,1257
"1258",1.15193311425239,0,0,1,"RWD",0,1258
"1259",0.833055999777208,1,0,1,"RWD",0,1259
"1260",1.19096659537551,0,0,1,"RWD",0,1260
"1261",1.11619526999884,0,0,1,"RWD",0,1261
"1262",1.24526549459527,1,0,1,"RWD",0,1262
"1263",0.881332023920253,0,0,1,"RWD",0,1263
"1264",0.855884019027418,1,0,1,"RWD",0,1264
"1265",0.695693730271414,0,0,1,"RWD",0,1265
"1266",0.98550593167081,0,0,1,"RWD",0,1266
"1267",0.7822398515291,0,0,1,"RWD",0,1267
"1268",1.18763120562921,0,0,1,"RWD",0,1268
"1269",1.06425613045012,1,0,1,"RWD",0,1269
"1270",1.48795047185584,1,0,1,"RWD",0,1270
"1271",0.818458480139704,0,0,1,"RWD",0,1271
"1272",1.28633761281847,0,0,1,"RWD",0,1272
"1273",0.944526327678364,0,0,1,"RWD",0,1273
"1274",0.758674397737849,1,0,1,"RWD",0,1274
"1275",1.16459347409863,0,0,1,"RWD",0,1275
"1276",0.763324459065559,0,0,1,"RWD",0,1276
"1277",0.8389629962947,0,0,1,"RWD",0,1277
"1278",0.90337762451561,0,0,1,"RWD",0,1278
"1279",1.09218145285026,0,0,1,"RWD",0,1279
"1280",0.850215854587798,0,0,1,"RWD",0,1280
"1281",1.26557006464112,0,0,1,"RWD",0,1281
"1282",0.810205123498425,0,0,1,"RWD",0,1282
"1283",1.09332740703694,0,0,1,"RWD",0,1283
"1284",1.07861740595779,1,0,1,"RWD",0,1284
"1285",0.836849981789404,1,0,1,"RWD",0,1285
"1286",0.964275317859644,1,0,1,"RWD",0,1286
"1287",0.918764104645731,0,0,1,"RWD",0,1287
"1288",1.24187886537152,0,0,1,"RWD",0,1288
"1289",1.36121052722044,1,0,1,"RWD",0,1289
"1290",0.841840713242351,1,0,1,"RWD",0,1290
"1291",1.23611448170805,0,0,1,"RWD",0,1291
"1292",1.03491081379756,1,0,1,"RWD",0,1292
"1293",0.656560930189808,1,0,1,"RWD",0,1293
"1294",0.898819271470961,0,0,1,"RWD",0,1294
"1295",1.14222983210135,1,0,1,"RWD",0,1295
"1296",1.07902132620957,0,0,1,"RWD",0,1296
"1297",0.561537735783715,0,0,1,"RWD",0,1297
"1298",1.16606373709031,0,0,1,"RWD",0,1298
"1299",1.18101039969735,0,0,1,"RWD",0,1299
"1300",0.989098232548116,0,0,1,"RWD",0,1300
"1301",0.908486353476541,0,0,1,"RWD",0,1301
"1302",1.44431440289565,0,0,1,"RWD",0,1302
"1303",1.03200026387045,1,0,1,"RWD",0,1303
"1304",1.04719654961362,1,0,1,"RWD",0,1304
"1305",0.825308612577969,0,0,1,"RWD",0,1305
"1306",0.781173975324759,0,0,1,"RWD",0,1306
"1307",0.745368845787582,1,0,1,"RWD",0,1307
"1308",0.965606357923565,1,0,1,"RWD",0,1308
"1309",1.3221848928162,1,0,1,"RWD",0,1309
"1310",1.40075896906697,0,0,1,"RWD",0,1310
"1311",1.36367294687056,0,0,1,"RWD",0,1311
"1312",1.30935111398955,0,0,1,"RWD",0,1312
"1313",1.00248074971128,0,0,1,"RWD",0,1313
"1314",0.805169972863859,0,0,1,"RWD",0,1314
"1315",0.984437463971986,0,0,1,"RWD",0,1315
"1316",0.56750994474555,0,0,1,"RWD",0,1316
"1317",0.987241425311322,0,0,1,"RWD",0,1317
"1318",1.38197574092914,0,0,1,"RWD",0,1318
"1319",1.0761906201215,0,0,1,"RWD",0,1319
"1320",1.26917773653792,1,0,1,"RWD",0,1320
"1321",1.14786819138878,0,0,1,"RWD",0,1321
"1322",0.89421794091027,1,0,1,"RWD",0,1322
"1323",1.39871187058587,0,0,1,"RWD",0,1323
"1324",1.03432254293379,0,0,1,"RWD",0,1324
"1325",0.85488924149549,0,0,1,"RWD",0,1325
"1326",1.06413196494771,0,0,1,"RWD",0,1326
"1327",0.746280094235361,1,0,1,"RWD",0,1327
"1328",1.22275580655826,0,0,1,"RWD",0,1328
"1329",1.15031367707287,0,0,1,"RWD",0,1329
"1330",0.979043734070603,1,0,1,"RWD",0,1330
"1331",0.952314222481762,0,0,1,"RWD",0,1331
"1332",1.23725878945854,1,0,1,"RWD",0,1332
"1333",0.837518322715572,1,0,1,"RWD",0,1333
"1334",0.853235825659122,0,0,1,"RWD",0,1334
"1335",1.13484957540402,0,0,1,"RWD",0,1335
"1336",0.959737303889473,0,0,1,"RWD",0,1336
"1337",1.23501695934478,1,0,1,"RWD",0,1337
"1338",1.01027583803754,0,0,1,"RWD",0,1338
"1339",1.28897020338008,0,0,1,"RWD",0,1339
"1340",1.14910894103603,1,0,1,"RWD",0,1340
"1341",0.600969485181406,1,0,1,"RWD",0,1341
"1342",0.782925727916356,1,0,1,"RWD",0,1342
"1343",1.30655504123554,0,0,1,"RWD",0,1343
"1344",1.18815918083474,0,0,1,"RWD",0,1344
"1345",0.856587466428338,0,0,1,"RWD",0,1345
"1346",0.780841262995978,0,0,1,"RWD",0,1346
"1347",1.25673307786315,1,0,1,"RWD",0,1347
"1348",0.887644708067389,0,0,1,"RWD",0,1348
"1349",1.41034509572363,0,0,1,"RWD",0,1349
"1350",1.40430839207588,1,0,1,"RWD",0,1350
"1351",0.759061726039522,1,0,1,"RWD",0,1351
"1352",0.880869137484873,0,0,1,"RWD",0,1352
"1353",0.799904068135164,0,0,1,"RWD",0,1353
"1354",1.18345761358084,0,0,1,"RWD",0,1354
"1355",0.791846062472474,1,0,1,"RWD",0,1355
"1356",0.642999292306219,1,0,1,"RWD",0,1356
"1357",1.4542693988985,1,0,1,"RWD",0,1357
"1358",1.25119469752243,0,0,1,"RWD",0,1358
"1359",1.213424720245,0,0,1,"RWD",0,1359
"1360",0.917202343284551,0,0,1,"RWD",0,1360
"1361",1.04774375374992,0,0,1,"RWD",0,1361
"1362",1.17393545124196,0,0,1,"RWD",0,1362
"1363",0.79375225160716,1,0,1,"RWD",0,1363
"1364",1.02514773472479,1,0,1,"RWD",0,1364
"1365",1.08514833090035,0,0,1,"RWD",0,1365
"1366",1.38855475889454,0,0,1,"RWD",0,1366
"1367",1.17842654344139,0,0,1,"RWD",0,1367
"1368",1.30644660646984,1,0,1,"RWD",0,1368
"1369",1.07810939470948,1,0,1,"RWD",0,1369
"1370",0.827499463363886,1,0,1,"RWD",0,1370
"1371",0.982064605607621,1,0,1,"RWD",0,1371
"1372",0.717047072147505,0,0,1,"RWD",0,1372
"1373",1.23577035234405,0,0,1,"RWD",0,1373
"1374",1.33336536694316,0,0,1,"RWD",0,1374
"1375",1.0374558444746,0,0,1,"RWD",0,1375
"1376",0.853819532780426,0,0,1,"RWD",0,1376
"1377",1.2674300502474,0,0,1,"RWD",0,1377
"1378",1.07786540531214,0,0,1,"RWD",0,1378
"1379",0.972745580465243,0,0,1,"RWD",0,1379
"1380",1.274717084636,1,0,1,"RWD",0,1380
"1381",0.898030868528481,1,0,1,"RWD",0,1381
"1382",1.27979182064581,1,0,1,"RWD",0,1382
"1383",0.88150474821265,1,0,1,"RWD",0,1383
"1384",1.12828266807855,0,0,1,"RWD",0,1384
"1385",1.22827544846373,0,0,1,"RWD",0,1385
"1386",0.782948257489135,1,0,1,"RWD",0,1386
"1387",1.12962469556699,0,0,1,"RWD",0,1387
"1388",1.02768263941023,0,0,1,"RWD",0,1388
"1389",1.18514878332846,0,0,1,"RWD",0,1389
"1390",0.892280412924156,0,0,1,"RWD",0,1390
"1391",1.0326027331885,1,0,1,"RWD",0,1391
"1392",1.32645680155116,1,0,1,"RWD",0,1392
"1393",1.08369803276161,1,0,1,"RWD",0,1393
"1394",1.21463818965502,1,0,1,"RWD",0,1394
"1395",1.00582108047671,1,0,1,"RWD",0,1395
"1396",0.844121669057058,0,0,1,"RWD",0,1396
"1397",1.04781486183057,0,0,1,"RWD",0,1397
"1398",0.805001768911845,0,0,1,"RWD",0,1398
"1399",0.530777722310006,1,0,1,"RWD",0,1399
"1400",1.2838245183983,0,0,1,"RWD",0,1400
"1401",0.832618236604514,1,0,1,"RWD",0,1401
"1402",0.684783397470717,0,0,1,"RWD",0,1402
"1403",1.24905636145851,1,0,1,"RWD",0,1403
"1404",1.04762764371385,1,0,1,"RWD",0,1404
"1405",0.930074321049678,0,0,1,"RWD",0,1405
"1406",1.01441040267958,1,0,1,"RWD",0,1406
"1407",0.96480373163954,0,0,1,"RWD",0,1407
"1408",1.24933175529101,1,0,1,"RWD",0,1408
"1409",1.19553214170031,0,0,1,"RWD",0,1409
"1410",0.704673880827299,0,0,1,"RWD",0,1410
"1411",1.12067969912835,1,0,1,"RWD",0,1411
"1412",1.19536273317991,1,0,1,"RWD",0,1412
"1413",1.18365219519534,0,0,1,"RWD",0,1413
"1414",0.565136538143157,1,0,1,"RWD",0,1414
"1415",1.00292851499694,0,0,1,"RWD",0,1415
"1416",1.44592666418359,0,0,1,"RWD",0,1416
"1417",1.20935890772791,0,0,1,"RWD",0,1417
"1418",0.708144763870827,0,0,1,"RWD",0,1418
"1419",0.717266257623313,0,0,1,"RWD",0,1419
"1420",1.14822191046311,0,0,1,"RWD",0,1420
"1421",1.01518890288554,0,0,1,"RWD",0,1421
"1422",1.2422581127755,0,0,1,"RWD",0,1422
"1423",1.10876533233546,0,0,1,"RWD",0,1423
"1424",1.06619987270183,0,0,1,"RWD",0,1424
"1425",1.08673236855986,0,0,1,"RWD",0,1425
"1426",1.08325100707827,0,0,1,"RWD",0,1426
"1427",0.796080186757149,0,0,1,"RWD",0,1427
"1428",1.51989866412389,1,0,1,"RWD",0,1428
"1429",0.767598918514933,1,0,1,"RWD",0,1429
"1430",1.04660770144355,0,0,1,"RWD",0,1430
"1431",0.941136129475667,0,0,1,"RWD",0,1431
"1432",1.41002246667108,1,0,1,"RWD",0,1432
"1433",1.25228803523585,0,0,1,"RWD",0,1433
"1434",0.937256688818674,0,0,1,"RWD",0,1434
"1435",1.091084159075,0,0,1,"RWD",0,1435
"1436",1.28309239003975,0,0,1,"RWD",0,1436
"1437",1.49726456790138,0,0,1,"RWD",0,1437
"1438",1.11045301523377,0,0,1,"RWD",0,1438
"1439",0.841498679553794,1,0,1,"RWD",0,1439
"1440",0.853291537300838,0,0,1,"RWD",0,1440
"1441",1.45114371608684,1,0,1,"RWD",0,1441
"1442",0.635885703228504,0,0,1,"RWD",0,1442
"1443",1.66114847377637,0,0,1,"RWD",0,1443
"1444",0.99772988118254,1,0,1,"RWD",0,1444
"1445",0.959121348177256,0,0,1,"RWD",0,1445
"1446",1.08151211109279,1,0,1,"RWD",0,1446
"1447",1.23667774557305,1,0,1,"RWD",0,1447
"1448",1.11056565516687,0,0,1,"RWD",0,1448
"1449",0.658769955505504,0,0,1,"RWD",0,1449
"1450",1.12070734189387,1,0,1,"RWD",0,1450
"1451",1.14008490274848,0,0,1,"RWD",0,1451
"1452",1.1819101741069,1,0,1,"RWD",0,1452
"1453",0.843715854478523,0,0,1,"RWD",0,1453
"1454",0.575795423727704,0,0,1,"RWD",0,1454
"1455",0.985084738435096,1,0,1,"RWD",0,1455
"1456",0.861140249818052,0,0,1,"RWD",0,1456
"1457",0.89682200031138,0,0,1,"RWD",0,1457
"1458",0.859244146656016,0,0,1,"RWD",0,1458
"1459",0.970399110029096,0,0,1,"RWD",0,1459
"1460",0.987756587415279,0,0,1,"RWD",0,1460
"1461",1.20921854264797,1,0,1,"RWD",0,1461
"1462",1.24728566877516,0,0,1,"RWD",0,1462
"1463",0.891093667516515,0,0,1,"RWD",0,1463
"1464",0.988236405696958,0,0,1,"RWD",0,1464
"1465",1.12228895320512,0,0,1,"RWD",0,1465
"1466",1.3297582209676,0,0,1,"RWD",0,1466
"1467",1.03878591607152,0,0,1,"RWD",0,1467
"1468",0.710225301689178,0,0,1,"RWD",0,1468
"1469",1.09637050902826,1,0,1,"RWD",0,1469
"1470",1.02618186580589,1,0,1,"RWD",0,1470
"1471",1.40449857069209,0,0,1,"RWD",0,1471
"1472",1.11868443308872,0,0,1,"RWD",0,1472
"1473",0.925390043529054,1,0,1,"RWD",0,1473
"1474",0.962095541234295,0,0,1,"RWD",0,1474
"1475",0.948940642090904,0,0,1,"RWD",0,1475
"1476",1.08720702743149,0,0,1,"RWD",0,1476
"1477",1.0852835595199,0,0,1,"RWD",0,1477
"1478",1.23316964136496,0,0,1,"RWD",0,1478
"1479",1.11403534523619,1,0,1,"RWD",0,1479
"1480",0.976662540575736,0,0,1,"RWD",0,1480
"1481",0.861877740964053,0,0,1,"RWD",0,1481
"1482",1.17694058628391,0,0,1,"RWD",0,1482
"1483",1.03750230353433,1,0,1,"RWD",0,1483
"1484",1.08656757353836,0,0,1,"RWD",0,1484
"1485",1.27072820368456,1,0,1,"RWD",0,1485
"1486",1.40040712372975,1,0,1,"RWD",0,1486
"1487",0.85923670797289,0,0,1,"RWD",0,1487
"1488",1.37881609136406,0,0,1,"RWD",0,1488
"1489",0.876653294109816,0,0,1,"RWD",0,1489
"1490",1.10327043843895,0,0,1,"RWD",0,1490
"1491",1.09447409897107,1,0,1,"RWD",0,1491
"1492",0.994618298021534,1,0,1,"RWD",0,1492
"1493",1.32885060820361,1,0,1,"RWD",0,1493
"1494",0.918217600044399,0,0,1,"RWD",0,1494
"1495",1.18210625610266,0,0,1,"RWD",0,1495
"1496",1.04734885997134,1,0,1,"RWD",0,1496
"1497",0.863703940253831,0,0,1,"RWD",0,1497
"1498",1.29293782869328,1,0,1,"RWD",0,1498
"1499",0.632331926898234,0,0,1,"RWD",0,1499
"1500",0.944769506117476,0,0,1,"RWD",0,1500
"1501",0.741719486618548,1,0,1,"RWD",1,1501
"1502",1.08886421398025,0,0,1,"RWD",1,1502
"1503",1.1028845098882,0,0,1,"RWD",1,1503
"1504",0.826252966258051,0,0,1,"RWD",1,1504
"1505",1.18019059122941,0,0,1,"RWD",1,1505
"1506",0.843419952283599,1,0,1,"RWD",1,1506
"1507",1.1818402998836,0,0,1,"RWD",1,1507
"1508",1.09756587992554,0,0,1,"RWD",1,1508
"1509",1.1930551894209,0,0,1,"RWD",1,1509
"1510",0.86230339216123,0,0,1,"RWD",1,1510
"1511",1.06907080193562,0,0,1,"RWD",1,1511
"1512",0.957436116008731,1,0,1,"RWD",1,1512
"1513",0.756223568781087,0,0,1,"RWD",1,1513
"1514",1.08053730110431,1,0,1,"RWD",1,1514
"1515",1.40475252226344,0,0,1,"RWD",1,1515
"1516",0.92038581329699,0,0,1,"RWD",1,1516
"1517",1.01003650486636,1,0,1,"RWD",1,1517
"1518",1.18784874659544,0,0,1,"RWD",1,1518
"1519",1.05722910196732,1,0,1,"RWD",1,1519
"1520",1.43870726245057,0,0,1,"RWD",1,1520
"1521",1.19744274675797,1,0,1,"RWD",1,1521
"1522",1.51426678660441,1,0,1,"RWD",1,1522
"1523",1.11978186925879,0,0,1,"RWD",1,1523
"1524",0.823216667744817,1,0,1,"RWD",1,1524
"1525",1.13426705358086,1,0,1,"RWD",1,1525
"1526",0.865088748637163,0,0,1,"RWD",1,1526
"1527",0.848587526776133,1,0,1,"RWD",1,1527
"1528",1.01210513397928,0,0,1,"RWD",1,1528
"1529",1.23678334003572,0,0,1,"RWD",1,1529
"1530",1.1187819999156,1,0,1,"RWD",1,1530
"1531",1.21280405529271,1,0,1,"RWD",1,1531
"1532",1.23306820045612,0,0,1,"RWD",1,1532
"1533",1.01562957391555,1,0,1,"RWD",1,1533
"1534",0.569553777278188,0,0,1,"RWD",1,1534
"1535",1.20918137034617,0,0,1,"RWD",1,1535
"1536",1.48382317387196,1,0,1,"RWD",1,1536
"1537",1.06167669989194,0,0,1,"RWD",1,1537
"1538",0.779017110094463,1,0,1,"RWD",1,1538
"1539",0.97648984688919,1,0,1,"RWD",1,1539
"1540",0.863096484168951,0,0,1,"RWD",1,1540
"1541",1.04167215598568,0,0,1,"RWD",1,1541
"1542",1.18522240111133,1,0,1,"RWD",1,1542
"1543",1.22328722936111,0,0,1,"RWD",1,1543
"1544",1.09703500496266,0,0,1,"RWD",1,1544
"1545",0.863205973344714,0,0,1,"RWD",1,1545
"1546",1.21265043345632,0,0,1,"RWD",1,1546
"1547",1.31966371102601,0,0,1,"RWD",1,1547
"1548",1.50037655518621,0,0,1,"RWD",1,1548
"1549",0.951269513106815,0,0,1,"RWD",1,1549
"1550",1.1448185198305,0,0,1,"RWD",1,1550
"1551",1.28873833322282,0,0,1,"RWD",1,1551
"1552",1.02672090569558,0,0,1,"RWD",1,1552
"1553",1.1549717111537,0,0,1,"RWD",1,1553
"1554",1.09288429625568,0,0,1,"RWD",1,1554
"1555",1.02311009309263,0,0,1,"RWD",1,1555
"1556",1.08370182057501,0,0,1,"RWD",1,1556
"1557",1.242946553906,1,0,1,"RWD",1,1557
"1558",1.13175578280088,0,0,1,"RWD",1,1558
"1559",0.956712356965099,1,0,1,"RWD",1,1559
"1560",0.602043404835647,1,0,1,"RWD",1,1560
"1561",0.890987362975033,0,0,1,"RWD",1,1561
"1562",1.04600897653127,1,0,1,"RWD",1,1562
"1563",0.547114975607138,1,0,1,"RWD",1,1563
"1564",1.49219040633947,0,0,1,"RWD",1,1564
"1565",0.752247554017446,0,0,1,"RWD",1,1565
"1566",0.817849624876154,1,0,1,"RWD",1,1566
"1567",1.34154764499115,0,0,1,"RWD",1,1567
"1568",0.612024810256002,1,0,1,"RWD",1,1568
"1569",1.19781253622567,0,0,1,"RWD",1,1569
"1570",0.981198246291448,1,0,1,"RWD",1,1570
"1571",1.14117534830234,0,0,1,"RWD",1,1571
"1572",1.22562205250896,0,0,1,"RWD",1,1572
"1573",0.858307215417535,0,0,1,"RWD",1,1573
"1574",0.908831030850278,0,0,1,"RWD",1,1574
"1575",0.450610139354444,1,0,1,"RWD",1,1575
"1576",0.857789535191031,1,0,1,"RWD",1,1576
"1577",1.12603765078334,1,0,1,"RWD",1,1577
"1578",1.15101351791641,0,0,1,"RWD",1,1578
"1579",1.45541120075995,0,0,1,"RWD",1,1579
"1580",1.06292540574793,0,0,1,"RWD",1,1580
"1581",1.14273172968037,0,0,1,"RWD",1,1581
"1582",1.06495566653871,0,0,1,"RWD",1,1582
"1583",0.952632752832912,0,0,1,"RWD",1,1583
"1584",1.19978216417252,0,0,1,"RWD",1,1584
"1585",1.14284691617793,0,0,1,"RWD",1,1585
"1586",1.07588409167869,0,0,1,"RWD",1,1586
"1587",0.886907869677943,1,0,1,"RWD",1,1587
"1588",1.04196990965291,1,0,1,"RWD",1,1588
"1589",1.20628339553605,0,0,1,"RWD",1,1589
"1590",1.18529054949253,1,0,1,"RWD",1,1590
"1591",0.953469494886411,1,0,1,"RWD",1,1591
"1592",0.916177306407298,0,0,1,"RWD",1,1592
"1593",1.15256026438445,1,0,1,"RWD",1,1593
"1594",1.2597819857907,0,0,1,"RWD",1,1594
"1595",1.07421163262059,0,0,1,"RWD",1,1595
"1596",0.987341422924094,0,0,1,"RWD",1,1596
"1597",0.87386585399771,0,0,1,"RWD",1,1597
"1598",0.966142621745562,0,0,1,"RWD",1,1598
"1599",0.75344966439564,0,0,1,"RWD",1,1599
"1600",0.910536360119976,0,0,1,"RWD",1,1600
"1601",1.27699301773164,0,0,1,"RWD",1,1601
"1602",1.27238636900739,1,0,1,"RWD",1,1602
"1603",0.875844473278932,0,0,1,"RWD",1,1603
"1604",1.09214631701457,0,0,1,"RWD",1,1604
"1605",1.06387912947489,0,0,1,"RWD",1,1605
"1606",0.717470229431615,1,0,1,"RWD",1,1606
"1607",1.21216799603545,0,0,1,"RWD",1,1607
"1608",0.667530840790584,1,0,1,"RWD",1,1608
"1609",0.800649314240992,1,0,1,"RWD",1,1609
"1610",1.24963088901146,0,0,1,"RWD",1,1610
"1611",0.941825451097148,1,0,1,"RWD",1,1611
"1612",1.00672484184395,1,0,1,"RWD",1,1612
"1613",0.725612541431604,0,0,1,"RWD",1,1613
"1614",0.759807206920128,0,0,1,"RWD",1,1614
"1615",1.12018194613756,0,0,1,"RWD",1,1615
"1616",1.01509061425376,0,0,1,"RWD",1,1616
"1617",0.931714305956769,0,0,1,"RWD",1,1617
"1618",0.783194547820785,0,0,1,"RWD",1,1618
"1619",0.830540299761543,1,0,1,"RWD",1,1619
"1620",1.45722072187286,0,0,1,"RWD",1,1620
"1621",0.984702081325035,1,0,1,"RWD",1,1621
"1622",1.2048010424043,0,0,1,"RWD",1,1622
"1623",1.20700128013586,1,0,1,"RWD",1,1623
"1624",1.20264921606918,1,0,1,"RWD",1,1624
"1625",1.10896175191301,1,0,1,"RWD",1,1625
"1626",0.799528815165469,1,0,1,"RWD",1,1626
"1627",0.848099249446068,0,0,1,"RWD",1,1627
"1628",1.20027823890919,1,0,1,"RWD",1,1628
"1629",0.788329297483448,1,0,1,"RWD",1,1629
"1630",1.15550801941273,0,0,1,"RWD",1,1630
"1631",0.943292085284532,0,0,1,"RWD",1,1631
"1632",0.970324797181272,0,0,1,"RWD",1,1632
"1633",0.892086109901034,0,0,1,"RWD",1,1633
"1634",1.00397177274589,0,0,1,"RWD",1,1634
"1635",1.22543696833036,1,0,1,"RWD",1,1635
"1636",1.14074663550823,0,0,1,"RWD",1,1636
"1637",1.00350717045532,0,0,1,"RWD",1,1637
"1638",1.22400110493806,1,0,1,"RWD",1,1638
"1639",1.38120074682936,1,0,1,"RWD",1,1639
"1640",1.04872621421703,1,0,1,"RWD",1,1640
"1641",1.14409789062155,0,0,1,"RWD",1,1641
"1642",1.10564372981295,0,0,1,"RWD",1,1642
"1643",0.854419411796378,0,0,1,"RWD",1,1643
"1644",0.86468277157081,0,0,1,"RWD",1,1644
"1645",1.43395409252424,0,0,1,"RWD",1,1645
"1646",1.22625555755524,0,0,1,"RWD",1,1646
"1647",1.1984163543853,0,0,1,"RWD",1,1647
"1648",1.07951468080989,1,0,1,"RWD",1,1648
"1649",1.14707771299845,0,0,1,"RWD",1,1649
"1650",1.0803712079092,0,0,1,"RWD",1,1650
"1651",1.05839975081745,0,0,1,"RWD",1,1651
"1652",1.09468446238861,0,0,1,"RWD",1,1652
"1653",0.847906982799157,0,0,1,"RWD",1,1653
"1654",1.53024442039424,0,0,1,"RWD",1,1654
"1655",1.21039235805418,1,0,1,"RWD",1,1655
"1656",0.99975840820887,1,0,1,"RWD",1,1656
"1657",1.29257787416585,1,0,1,"RWD",1,1657
"1658",0.924548382799024,1,0,1,"RWD",1,1658
"1659",1.39223170149517,0,0,1,"RWD",1,1659
"1660",0.971125289395448,0,0,1,"RWD",1,1660
"1661",0.585701828709618,1,0,1,"RWD",1,1661
"1662",1.32282383907991,1,0,1,"RWD",1,1662
"1663",1.27644582654575,0,0,1,"RWD",1,1663
"1664",0.895136736128258,0,0,1,"RWD",1,1664
"1665",0.767925006801283,1,0,1,"RWD",1,1665
"1666",0.683094483860671,0,0,1,"RWD",1,1666
"1667",0.996197292413915,1,0,1,"RWD",1,1667
"1668",0.683214284544067,0,0,1,"RWD",1,1668
"1669",0.887106396245005,0,0,1,"RWD",1,1669
"1670",1.08271442447572,0,0,1,"RWD",1,1670
"1671",1.22110384441008,0,0,1,"RWD",1,1671
"1672",0.886007374624052,0,0,1,"RWD",1,1672
"1673",1.02527944800487,0,0,1,"RWD",1,1673
"1674",1.10098964720829,0,0,1,"RWD",1,1674
"1675",1.39378526764746,1,0,1,"RWD",1,1675
"1676",0.858291294494576,0,0,1,"RWD",1,1676
"1677",0.729137947647904,0,0,1,"RWD",1,1677
"1678",0.680878115657839,0,0,1,"RWD",1,1678
"1679",1.16114743705795,0,0,1,"RWD",1,1679
"1680",1.03797616172993,1,0,1,"RWD",1,1680
"1681",1.20441726087863,1,0,1,"RWD",1,1681
"1682",1.02183212256853,1,0,1,"RWD",1,1682
"1683",1.12861878510285,1,0,1,"RWD",1,1683
"1684",1.09484371483189,0,0,1,"RWD",1,1684
"1685",1.05470839703372,0,0,1,"RWD",1,1685
"1686",0.925407468047042,1,0,1,"RWD",1,1686
"1687",1.30240187612528,0,0,1,"RWD",1,1687
"1688",0.968845191444846,0,0,1,"RWD",1,1688
"1689",1.1833527542885,0,0,1,"RWD",1,1689
"1690",1.08292783090603,1,0,1,"RWD",1,1690
"1691",1.40630489495743,1,0,1,"RWD",1,1691
"1692",1.19224279286478,0,0,1,"RWD",1,1692
"1693",0.982461768827526,0,0,1,"RWD",1,1693
"1694",1.04817020954653,0,0,1,"RWD",1,1694
"1695",1.02493815831731,0,0,1,"RWD",1,1695
"1696",0.63183078060554,0,0,1,"RWD",1,1696
"1697",1.38947877896414,1,0,1,"RWD",1,1697
"1698",1.2627762308975,1,0,1,"RWD",1,1698
"1699",0.896676672754946,1,0,1,"RWD",1,1699
"1700",1.12640151183408,1,0,1,"RWD",1,1700
"1701",1.0983791807214,1,0,1,"RWD",1,1701
"1702",0.823448117789516,0,0,1,"RWD",1,1702
"1703",1.34798148273065,1,0,1,"RWD",1,1703
"1704",1.00035057900621,1,0,1,"RWD",1,1704
"1705",1.08671674158869,0,0,1,"RWD",1,1705
"1706",1.13097420188795,1,0,1,"RWD",1,1706
"1707",0.851175106138115,0,0,1,"RWD",1,1707
"1708",0.832914134086546,0,0,1,"RWD",1,1708
"1709",1.04029148909406,0,0,1,"RWD",1,1709
"1710",1.16521712010244,0,0,1,"RWD",1,1710
"1711",1.06476610636892,1,0,1,"RWD",1,1711
"1712",1.19118911426044,0,0,1,"RWD",1,1712
"1713",1.11699602067827,0,0,1,"RWD",1,1713
"1714",1.15907756118492,0,0,1,"RWD",1,1714
"1715",0.769418818811746,0,0,1,"RWD",1,1715
"1716",1.18541077818878,0,0,1,"RWD",1,1716
"1717",0.892039910771419,0,0,1,"RWD",1,1717
"1718",0.956854222113181,1,0,1,"RWD",1,1718
"1719",1.02902958695304,0,0,1,"RWD",1,1719
"1720",0.720429782538933,0,0,1,"RWD",1,1720
"1721",1.03009260960573,0,0,1,"RWD",1,1721
"1722",0.962028472631359,1,0,1,"RWD",1,1722
"1723",0.906297709612307,0,0,1,"RWD",1,1723
"1724",0.939080480733017,0,0,1,"RWD",1,1724
"1725",1.29909783535029,1,0,1,"RWD",1,1725
"1726",0.798215729807779,1,0,1,"RWD",1,1726
"1727",1.0069231037144,0,0,1,"RWD",1,1727
"1728",0.555607657976108,1,0,1,"RWD",1,1728
"1729",0.915166135978786,0,0,1,"RWD",1,1729
"1730",0.949740562914017,1,0,1,"RWD",1,1730
"1731",1.35846515759041,1,0,1,"RWD",1,1731
"1732",0.857596386952648,0,0,1,"RWD",1,1732
"1733",0.875564092711719,0,0,1,"RWD",1,1733
"1734",0.770474076419127,0,0,1,"RWD",1,1734
"1735",1.08596103336328,0,0,1,"RWD",1,1735
"1736",1.28081839755747,1,0,1,"RWD",1,1736
"1737",0.810293277982702,0,0,1,"RWD",1,1737
"1738",0.964855119705196,0,0,1,"RWD",1,1738
"1739",1.3232617217695,1,0,1,"RWD",1,1739
"1740",0.913140521068268,1,0,1,"RWD",1,1740
"1741",1.18710244167526,0,0,1,"RWD",1,1741
"1742",1.12790070856275,1,0,1,"RWD",1,1742
"1743",0.788920815238939,0,0,1,"RWD",1,1743
"1744",1.29337760222023,0,0,1,"RWD",1,1744
"1745",1.20903480365446,1,0,1,"RWD",1,1745
"1746",0.95235949811484,1,0,1,"RWD",1,1746
"1747",0.869201309073968,0,0,1,"RWD",1,1747
"1748",0.971916316382615,0,0,1,"RWD",1,1748
"1749",1.21281268302908,0,0,1,"RWD",1,1749
"1750",0.937150143963314,0,0,1,"RWD",1,1750
"1751",0.675158936246136,1,0,1,"RWD",1,1751
"1752",1.02141905781578,0,0,1,"RWD",1,1752
"1753",1.20438080194847,0,0,1,"RWD",1,1753
"1754",0.818176413966492,0,0,1,"RWD",1,1754
"1755",1.00241689446593,0,0,1,"RWD",1,1755
"1756",0.805561334795549,0,0,1,"RWD",1,1756
"1757",1.07336124258513,1,0,1,"RWD",1,1757
"1758",1.0235000743973,0,0,1,"RWD",1,1758
"1759",1.04326304479247,0,0,1,"RWD",1,1759
"1760",0.925534716354506,0,0,1,"RWD",1,1760
"1761",0.908127307689414,0,0,1,"RWD",1,1761
"1762",1.22428908288175,1,0,1,"RWD",1,1762
"1763",1.07102760380743,0,0,1,"RWD",1,1763
"1764",1.01261294648523,1,0,1,"RWD",1,1764
"1765",0.407362293515834,0,0,1,"RWD",1,1765
"1766",0.79487625936723,0,0,1,"RWD",1,1766
"1767",1.20258126357728,1,0,1,"RWD",1,1767
"1768",0.968636971311439,0,0,1,"RWD",1,1768
"1769",0.808336443223878,0,0,1,"RWD",1,1769
"1770",0.96213546862433,1,0,1,"RWD",1,1770
"1771",0.974883850811405,1,0,1,"RWD",1,1771
"1772",0.949711520970659,0,0,1,"RWD",1,1772
"1773",1.14932251515575,1,0,1,"RWD",1,1773
"1774",1.35417618764579,0,0,1,"RWD",1,1774
"1775",1.24761836556227,1,0,1,"RWD",1,1775
"1776",1.29922450679421,1,0,1,"RWD",1,1776
"1777",0.984026534500303,0,0,1,"RWD",1,1777
"1778",1.21886894279779,1,0,1,"RWD",1,1778
"1779",0.853784848950737,0,0,1,"RWD",1,1779
"1780",1.02215571897651,1,0,1,"RWD",1,1780
"1781",1.4870875812947,0,0,1,"RWD",1,1781
"1782",1.04743439802428,1,0,1,"RWD",1,1782
"1783",0.988938214805862,1,0,1,"RWD",1,1783
"1784",0.933157307869539,0,0,1,"RWD",1,1784
"1785",1.20425370037453,0,0,1,"RWD",1,1785
"1786",1.47123787235236,0,0,1,"RWD",1,1786
"1787",1.13243140736941,0,0,1,"RWD",1,1787
"1788",0.997747024381209,0,0,1,"RWD",1,1788
"1789",1.46475672920074,0,0,1,"RWD",1,1789
"1790",0.894233955311811,0,0,1,"RWD",1,1790
"1791",1.27630650265618,1,0,1,"RWD",1,1791
"1792",0.965730974383269,0,0,1,"RWD",1,1792
"1793",0.845650525996053,1,0,1,"RWD",1,1793
"1794",1.29366107574936,1,0,1,"RWD",1,1794
"1795",0.690047865020922,1,0,1,"RWD",1,1795
"1796",0.988350012329856,1,0,1,"RWD",1,1796
"1797",1.05310304866975,0,0,1,"RWD",1,1797
"1798",0.961536456266614,0,0,1,"RWD",1,1798
"1799",0.722398453423762,0,0,1,"RWD",1,1799
"1800",0.92171976876343,1,0,1,"RWD",1,1800
